depression_probability,anxiety_probability
0.568591,0.637646
0.688041,0.786392
0.440791,0.438094
0.542037,0.656527
0.306826,0.374626
0.63178,0.59944
0.575399,0.640714
0.443526,0.504579
0.413087,0.466149
0.546604,0.501673
0.404869,0.52869
0.787926,0.876286
0.533045,0.70642
0.427196,0.495465
0.335981,0.335529
0.536919,0.620925
0.236551,0.310115
0.384083,0.395986
0.524978,0.620787
0.441119,0.595606
0.426544,0.521743
0.43691,0.488643
0.280431,0.355068
0.395895,0.458203
0.488806,0.556646
0.481983,0.500584
0.36549,0.489599
0.31651,0.437637
0.274729,0.452119
0.477508,0.602795
0.218888,0.297255
0.646929,0.641936
0.104409,0.145052
0.57463,0.578816
0.482906,0.50629
0.547329,0.681668
0.345509,0.425314
0.59681,0.697746
0.627439,0.734488
0.472122,0.592481
0.373815,0.579313
0.219704,0.35012
0.398374,0.486332
0.617196,0.720258
0.568102,0.675516
0.473498,0.478369
0.580381,0.519904
0.348606,0.455751
0.625755,0.778234
0.538802,0.676724
0.588,0.647734
0.282812,0.204796
0.375988,0.45462
0.502282,0.558168
0.600414,0.785309
0.615577,0.755342
0.726199,0.705531
0.484684,0.498881
0.666353,0.730461
0.54827,0.503661
0.25606,0.272404
0.418535,0.66385
0.633244,0.740757
0.505896,0.575154
0.503225,0.593169
0.580952,0.622787
0.465577,0.548363
0.644869,0.767714
0.467842,0.538386
0.191665,0.224205
0.597066,0.54922
0.521196,0.643034
0.55327,0.635842
0.262447,0.417184
0.492258,0.653193
0.38037,0.458112
0.27898,0.442892
0.438074,0.505114
0.294315,0.308112
0.55053,0.556599
0.349531,0.317787
0.319889,0.316323
0.603759,0.697862
0.488033,0.570194
0.460504,0.534928
0.406922,0.522482
0.484242,0.708617
0.296407,0.365171
0.219805,0.285002
0.583331,0.744276
0.419676,0.381488
0.221678,0.336819
0.343986,0.438381
0.42506,0.418564
0.490214,0.644215
0.592086,0.595208
0.577515,0.602836
0.495083,0.578177
0.486919,0.606151
0.655014,0.599912
0.704758,0.817219
0.450407,0.557551
0.544575,0.599172
0.397773,0.418852
0.364657,0.451224
0.454478,0.559721
0.332735,0.555398
0.405878,0.547543
0.402541,0.554165
0.311646,0.438548
0.471058,0.512476
0.549682,0.5229
0.376371,0.473619
0.422149,0.545442
0.574938,0.655622
0.366439,0.38108
0.721653,0.846816
0.27493,0.400064
0.758563,0.856016
0.509554,0.477534
0.574615,0.585749
0.293318,0.308922
0.489129,0.448997
0.435104,0.577179
0.222235,0.338208
0.548566,0.54101
0.378804,0.438985
0.415781,0.537223
0.429675,0.568331
0.274959,0.328246
0.493702,0.465525
0.515712,0.633518
0.296108,0.268774
0.486878,0.544778
0.482873,0.5887
0.545342,0.641068
0.418532,0.55296
0.588543,0.622172
0.247757,0.302071
0.501844,0.666233
0.555229,0.588879
0.663697,0.702846
0.501019,0.438434
0.60676,0.711884
0.293808,0.444219
0.370201,0.374174
0.56236,0.599849
0.445424,0.395901
0.465892,0.462057
0.284027,0.299007
0.588429,0.645168
0.44443,0.499452
0.405956,0.418178
0.503439,0.502899
0.560215,0.646522
0.437913,0.493385
0.62629,0.717646
0.676769,0.681567
0.63505,0.638386
0.41349,0.383621
0.44002,0.511497
0.438731,0.438056
0.266899,0.288991
0.67265,0.5384
0.483498,0.61354
0.427834,0.462697
0.875952,0.869439
0.357862,0.490878
0.602644,0.572677
0.272266,0.274469
0.209724,0.246907
0.510553,0.55409
0.342704,0.558716
0.437253,0.576241
0.512521,0.650264
0.561166,0.607028
0.338642,0.348339
0.580601,0.608284
0.350328,0.466903
0.495272,0.47442
0.529324,0.564602
0.23232,0.227648
0.592616,0.645718
0.327928,0.510586
0.488663,0.48545
0.676549,0.824604
0.315324,0.391981
0.390369,0.494687
0.592586,0.600783
0.663065,0.739408
0.318611,0.373838
0.392813,0.398097
0.540815,0.671833
0.790453,0.756355
0.397792,0.535287
0.486391,0.645165
0.282581,0.378128
0.338204,0.394441
0.619387,0.727485
0.359189,0.402746
0.473197,0.527473
0.55766,0.665198
0.212542,0.449682
0.59195,0.660527
0.382179,0.433824
0.301384,0.398407
0.625479,0.628362
0.538153,0.604368
0.463718,0.521476
0.488961,0.602754
0.557205,0.587184
0.437098,0.549184
0.471262,0.557182
0.491895,0.655523
0.239684,0.234858
0.277256,0.307712
0.232104,0.27011
0.290026,0.304644
0.580245,0.678007
0.554957,0.590529
0.521609,0.660929
0.263,0.331913
0.800294,0.947341
0.581051,0.653811
0.410961,0.527195
0.621918,0.61459
0.447118,0.525952
0.427903,0.522227
0.246325,0.273893
0.557236,0.622998
0.792222,0.842993
0.401097,0.504931
0.726444,0.719118
0.561162,0.71903
0.404684,0.519772
0.39902,0.473659
0.518516,0.547787
0.431097,0.403069
0.512905,0.515878
0.588116,0.684818
0.481272,0.628589
0.60077,0.706079
0.327155,0.388595
0.313248,0.529212
0.8212,0.931926
0.329855,0.375207
0.479301,0.609362
0.561067,0.546946
0.238721,0.367419
0.683541,0.742827
0.524399,0.641046
0.413912,0.456506
0.510093,0.530943
0.342307,0.391475
0.317366,0.374468
0.36332,0.424554
0.486183,0.595775
0.466377,0.546437
0.563962,0.59118
0.652516,0.782434
0.586817,0.559223
0.567608,0.599869
0.42926,0.491766
0.338533,0.405172
0.698547,0.575885
0.66535,0.701157
0.659307,0.735704
0.526484,0.461376
0.376036,0.433706
0.555094,0.680628
0.412028,0.570712
0.50527,0.628145
0.630769,0.633725
0.539008,0.615421
0.322078,0.401731
0.620482,0.709742
0.434705,0.464504
0.458634,0.578826
0.496502,0.533996
0.589626,0.693309
0.440073,0.51113
0.526604,0.61983
0.501671,0.504522
0.4785,0.371743
0.388798,0.588093
0.36544,0.446835
0.504262,0.533027
0.38661,0.564232
0.400725,0.441714
0.589855,0.703159
0.453572,0.401997
0.421345,0.514915
0.433356,0.532324
0.491227,0.598782
0.420081,0.468979
0.25837,0.35617
0.512819,0.615029
0.262829,0.294018
0.370902,0.523767
0.479582,0.572594
0.489778,0.510499
0.447888,0.528116
0.470507,0.575693
0.588806,0.637357
0.3406,0.400955
0.380938,0.476938
0.414777,0.421969
0.591574,0.648749
0.43719,0.471959
0.286751,0.421519
0.338045,0.331989
0.623511,0.668948
0.369195,0.394027
0.329441,0.386197
0.423507,0.456075
0.573396,0.626863
0.434929,0.504116
0.493279,0.569789
0.521499,0.549474
0.485735,0.557133
0.318679,0.457579
0.411267,0.353984
0.522405,0.586394
0.338311,0.290554
0.441273,0.468098
0.681083,0.642956
0.562818,0.507715
0.434116,0.457007
0.204668,0.262108
0.315587,0.321059
0.623779,0.661725
0.529461,0.655968
0.48151,0.653407
0.422108,0.536428
0.306906,0.429668
0.562852,0.509249
0.28731,0.524577
0.57887,0.575828
0.362708,0.453105
0.413081,0.535108
0.590463,0.766084
0.543727,0.537747
0.321304,0.430854
0.675993,0.692636
0.147948,0.189453
0.128455,0.217339
0.669498,0.583087
0.486512,0.508667
0.634519,0.643258
0.364805,0.542104
0.220672,0.331086
0.3757,0.421491
0.350226,0.3609
0.438908,0.557178
0.351601,0.423716
0.545975,0.601591
0.315644,0.414037
0.49488,0.533397
0.446602,0.4732
0.425499,0.54614
0.372287,0.46324
0.631352,0.682244
0.341358,0.488263
0.546227,0.651484
0.499005,0.68061
0.565998,0.652293
0.680559,0.728859
0.326604,0.460149
0.467173,0.535911
0.594761,0.652865
0.277563,0.417824
0.621357,0.659447
0.612928,0.65042
0.276414,0.448811
0.58341,0.572049
0.550164,0.673893
0.530562,0.620214
0.525355,0.559222
0.54025,0.698756
0.296799,0.363105
0.474286,0.539496
0.729746,0.818113
0.661589,0.693913
0.669695,0.67953
0.461845,0.466768
0.438887,0.509758
0.401443,0.552192
0.432128,0.446973
0.391394,0.427135
0.303861,0.35383
0.331639,0.433996
0.521217,0.554136
0.569502,0.729732
0.508582,0.602089
0.405151,0.5236
0.667876,0.679003
0.361285,0.530784
0.471836,0.580354
0.300858,0.38613
0.385307,0.364237
0.519853,0.64714
0.52538,0.662753
0.368931,0.432889
0.362667,0.491483
0.312517,0.369925
0.357263,0.318312
0.287828,0.356232
0.296205,0.424138
0.488052,0.592108
0.53317,0.520315
0.306828,0.380486
0.47356,0.511867
0.414893,0.434534
0.344235,0.348456
0.513381,0.512619
0.442398,0.487826
0.393923,0.573594
0.295275,0.29044
0.662867,0.61055
0.476872,0.421801
0.411803,0.442139
0.56628,0.659247
0.47913,0.528962
0.506202,0.52648
0.607094,0.615809
0.363099,0.408588
0.453676,0.57969
0.540212,0.618299
0.301126,0.428903
0.412303,0.374476
0.365977,0.499618
0.585022,0.663802
0.319654,0.375657
0.381912,0.561975
0.655533,0.643055
0.483227,0.641629
0.417911,0.497862
0.488046,0.516802
0.430861,0.5467
0.506499,0.615928
0.584435,0.671908
0.363974,0.504783
0.698862,0.712813
0.367631,0.571278
0.303591,0.25705
0.479293,0.553473
0.459743,0.443688
0.513926,0.574233
0.583148,0.703129
0.574366,0.588224
0.233658,0.25353
0.524349,0.580276
0.391243,0.49029
0.549095,0.602531
0.55555,0.601765
0.42132,0.475012
0.71247,0.719706
0.49846,0.568084
0.456257,0.440648
0.67352,0.762798
0.451434,0.463647
0.286753,0.350293
0.36011,0.493617
0.597354,0.581803
0.376879,0.417237
0.614825,0.633804
0.282283,0.363791
0.422525,0.546621
0.501493,0.557399
0.375964,0.531078
0.672412,0.828832
0.530311,0.598226
0.349571,0.439915
0.416867,0.390271
0.649312,0.573547
0.399342,0.481965
0.630554,0.632449
0.206967,0.323706
0.739131,0.744689
0.32286,0.367857
0.494493,0.41911
0.374305,0.493731
0.396305,0.436755
0.524995,0.600264
0.339944,0.371323
0.511949,0.465043
0.434563,0.561365
0.245974,0.37396
0.27893,0.40585
0.53246,0.713971
0.46751,0.536786
0.528303,0.607935
0.3333,0.527278
0.465697,0.468321
0.450989,0.49437
0.382614,0.406788
0.649373,0.72502
0.471366,0.526473
0.480283,0.596314
0.537097,0.630233
0.512642,0.667422
0.345415,0.396418
0.5145,0.489891
0.473193,0.537071
0.466817,0.487611
0.553316,0.548284
0.386055,0.312653
0.386478,0.484702
0.439549,0.572619
0.407848,0.445863
0.332266,0.312722
0.496473,0.520887
0.458393,0.439171
0.294732,0.333687
0.300684,0.381474
0.48526,0.606034
0.465281,0.575382
0.443141,0.489766
0.571694,0.660952
0.465421,0.502202
0.413193,0.392392
0.426698,0.516159
0.144389,0.286776
0.498993,0.615225
0.445556,0.504802
0.520943,0.640331
0.495678,0.46362
0.250759,0.298458
0.324942,0.304836
0.466034,0.613612
0.313969,0.353823
0.469681,0.520021
0.546082,0.560677
0.486967,0.608444
0.405803,0.413868
0.4885,0.631534
0.157133,0.193383
0.321314,0.381039
0.596183,0.566364
0.657312,0.624035
0.495758,0.580841
0.551476,0.548455
0.491184,0.476564
0.648485,0.725424
0.512493,0.517394
0.427113,0.592697
0.638848,0.792132
0.226363,0.31497
0.710434,0.753942
0.412587,0.472946
0.514821,0.58862
0.432933,0.574279
0.299154,0.494318
0.430443,0.524619
0.554888,0.623809
0.416848,0.523825
0.538572,0.713836
0.543832,0.555252
0.452295,0.389771
0.638721,0.613034
0.547708,0.677308
0.637922,0.564319
0.316013,0.444776
0.422203,0.495546
0.455995,0.45805
0.463936,0.586629
0.542581,0.672954
0.533314,0.493512
0.453117,0.520736
0.205412,0.258617
0.497769,0.540657
0.099966,0.142509
0.548534,0.608819
0.314121,0.352343
0.612103,0.631767
0.466925,0.533479
0.288135,0.366882
0.264838,0.39241
0.415746,0.48077
0.567275,0.565612
0.407453,0.442773
0.583263,0.740211
0.42823,0.509207
0.499305,0.376176
0.338521,0.321508
0.300936,0.344529
0.423498,0.592144
0.548501,0.636956
0.609739,0.615785
0.344527,0.474605
0.55818,0.637275
0.666327,0.731734
0.223311,0.308871
0.590699,0.555261
0.379083,0.483153
0.440626,0.49005
0.450816,0.536605
0.33167,0.370765
0.33238,0.42139
0.497497,0.640551
0.457923,0.480076
0.575364,0.630411
0.496261,0.414849
0.635381,0.63355
0.563498,0.572847
0.504387,0.465833
0.433688,0.486623
0.322931,0.425912
0.533658,0.483391
0.33918,0.403259
0.465293,0.486269
0.44419,0.45174
0.337777,0.476221
0.199758,0.272406
0.386364,0.46277
0.346005,0.455885
0.396791,0.548576
0.387347,0.406917
0.451214,0.548644
0.613241,0.62752
0.658959,0.611572
0.546878,0.501732
0.445763,0.391605
0.55709,0.610149
0.410933,0.444598
0.264262,0.432583
0.535303,0.535997
0.313157,0.413361
0.519541,0.554883
0.350932,0.528228
0.710424,0.861318
0.582907,0.591472
0.36846,0.516511
0.509235,0.720871
0.833819,0.978079
0.489025,0.656118
0.391312,0.508422
0.429966,0.405092
0.581022,0.632524
0.318614,0.387375
0.232639,0.389119
0.517492,0.5977
0.537529,0.662475
0.304258,0.41349
0.448708,0.551783
0.466741,0.607187
0.261571,0.453147
0.445636,0.525773
0.631384,0.70014
0.564477,0.528021
0.22,0.415557
0.504547,0.511804
0.676989,0.748529
0.277189,0.406848
0.33634,0.622532
0.669855,0.720378
0.338095,0.433586
0.567003,0.644672
0.494066,0.535334
0.22149,0.327799
0.557157,0.635133
0.548679,0.552569
0.630789,0.664645
0.548822,0.536756
0.468386,0.584137
0.598271,0.680308
0.460275,0.558252
0.725406,0.871378
0.314513,0.335125
0.254618,0.222895
0.401845,0.57974
0.378299,0.468612
0.1553,0.215483
0.815503,0.795021
0.644724,0.71043
0.715906,0.809653
0.496118,0.465421
0.45021,0.467939
0.44196,0.62211
0.306861,0.408948
0.502816,0.616059
0.25481,0.345649
0.363094,0.525428
0.635277,0.733477
0.470805,0.569288
0.168988,0.298958
0.42046,0.567834
0.317451,0.378505
0.518304,0.676606
0.398829,0.463742
0.624199,0.747912
0.383265,0.412477
0.682166,0.621162
0.410294,0.605704
0.248837,0.252688
0.732676,0.863672
0.328163,0.349162
0.300791,0.190594
0.235265,0.240993
0.391154,0.449316
0.565113,0.647511
0.497446,0.530869
0.406461,0.617539
0.561372,0.617294
0.561958,0.533678
0.352987,0.373076
0.486005,0.582129
0.433335,0.385917
0.738752,0.768763
0.505115,0.58662
0.673738,0.740298
0.574565,0.548734
0.640695,0.735305
0.435081,0.618817
0.432533,0.406003
0.538642,0.627227
0.499467,0.615199
0.383758,0.361656
0.29025,0.367083
0.421835,0.583025
0.478658,0.646727
0.582322,0.619535
0.452031,0.681098
0.492503,0.414385
0.255047,0.248819
0.406942,0.435627
0.567751,0.608423
0.360706,0.482332
0.534213,0.600087
0.510803,0.653492
0.492089,0.559198
0.459599,0.510754
0.172772,0.136959
0.444295,0.457743
0.587341,0.619864
0.299369,0.324317
0.436856,0.612261
0.666854,0.654828
0.175375,0.269863
0.355003,0.463118
0.417446,0.506844
0.374195,0.532118
0.383821,0.471783
0.487076,0.421248
0.518587,0.713345
0.505935,0.535316
0.432239,0.492612
0.373693,0.507471
0.556226,0.542086
0.36633,0.348918
0.631941,0.721404
0.617887,0.695812
0.439171,0.501546
0.517551,0.656578
0.507428,0.642029
0.399443,0.509508
0.48894,0.677359
0.437178,0.574792
0.423,0.360569
0.464319,0.427636
0.604594,0.780386
0.560182,0.561827
0.40632,0.4472
0.376122,0.436524
0.487386,0.638238
0.621254,0.623963
0.220501,0.281359
0.298319,0.447688
0.563389,0.621773
0.414094,0.456716
0.249129,0.404774
0.356259,0.537547
0.615174,0.643065
0.373325,0.518428
0.522098,0.638482
0.477703,0.517785
0.439076,0.562051
0.51766,0.57946
0.468575,0.463713
0.456237,0.422578
0.548884,0.563971
0.489302,0.487824
0.702817,0.759931
0.552259,0.618932
0.33207,0.340244
0.683728,0.713309
0.560194,0.646949
0.372791,0.483759
0.539887,0.574149
0.531969,0.592941
0.496152,0.602918
0.52311,0.566167
0.135713,0.222369
0.492973,0.546983
0.487814,0.489208
0.269556,0.345137
0.275076,0.339558
0.584144,0.728845
0.452165,0.568
0.422818,0.530116
0.243372,0.319365
0.43543,0.440677
0.297929,0.287629
0.483507,0.572479
0.455947,0.49612
0.483879,0.524387
0.556623,0.680038
0.563264,0.600394
0.423942,0.375647
0.286351,0.378474
0.391822,0.558891
0.487133,0.636298
0.493552,0.478644
0.468015,0.540735
0.511871,0.505409
0.517744,0.518548
0.503258,0.59003
0.307216,0.437687
0.434426,0.527026
0.359515,0.387026
0.561189,0.528039
0.257492,0.351695
0.367844,0.409169
0.618618,0.68802
0.353046,0.4734
0.326253,0.367348
0.398041,0.591455
0.238259,0.322678
0.457677,0.650886
0.511102,0.580733
0.315939,0.27439
0.5702,0.554713
0.662433,0.799907
0.339121,0.407777
0.447372,0.574492
0.3522,0.360818
0.196908,0.252451
0.241738,0.344688
0.372239,0.551229
0.377277,0.449541
0.649079,0.684804
0.372711,0.393705
0.521134,0.615494
0.233634,0.342404
0.276262,0.444607
0.377669,0.551494
0.407325,0.444003
0.250161,0.482566
0.527782,0.557
0.468482,0.509485
0.217068,0.132898
0.535751,0.697844
0.484049,0.468072
0.260506,0.353582
0.466521,0.565882
0.498193,0.388332
0.510579,0.550029
0.207079,0.254683
0.617511,0.613962
0.325741,0.502942
0.269393,0.313062
0.540358,0.602976
0.496086,0.532382
0.386594,0.451817
0.373687,0.520716
0.436144,0.38052
0.54355,0.452703
0.43763,0.472356
0.486408,0.605968
0.303751,0.440947
0.260847,0.32329
0.490542,0.440462
0.602706,0.674253
0.462472,0.463775
0.440053,0.611228
0.574104,0.614601
0.630675,0.801785
0.474145,0.616578
0.574853,0.646291
0.531877,0.61778
0.674136,0.719282
0.439548,0.459871
0.564735,0.713602
0.55941,0.632672
0.470698,0.563646
0.385443,0.50364
0.339381,0.438447
0.474886,0.608312
0.404572,0.512623
0.400459,0.473976
0.319588,0.391413
0.226731,0.359989
0.29557,0.317736
0.52346,0.575881
0.438552,0.504792
0.713638,0.724165
0.306475,0.3484
0.501435,0.608566
0.417053,0.588823
0.610604,0.60241
0.535892,0.591903
0.409114,0.424624
0.509333,0.480686
0.522167,0.676458
0.589698,0.603786
0.448927,0.59154
0.391526,0.470628
0.502007,0.54165
0.368757,0.500361
0.356395,0.386236
0.485521,0.454961
0.513834,0.672624
0.27135,0.332971
0.573052,0.602247
0.502551,0.571518
0.450576,0.499322
0.707075,0.736642
0.539968,0.656651
0.289827,0.405159
0.352857,0.562559
0.633693,0.665695
0.587683,0.672222
0.5294,0.621926
0.25298,0.37985
0.533427,0.589292
0.310755,0.46741
0.657525,0.700379
0.219184,0.322255
0.502445,0.49949
0.442148,0.396868
0.844413,0.853358
0.372763,0.518608
0.391331,0.438672
0.666506,0.591071
0.554671,0.622356
0.378258,0.387948
0.57691,0.585012
0.581289,0.606508
0.479839,0.552374
0.456579,0.614548
0.316783,0.377376
0.445095,0.546038
0.602182,0.676122
0.670348,0.730069
0.465307,0.449944
0.432582,0.586953
0.570731,0.618082
0.445347,0.547715
0.581373,0.525171
0.717819,0.704639
0.676591,0.675242
0.489273,0.640574
0.711416,0.733611
0.652071,0.702906
0.526472,0.612616
0.553424,0.638568
0.393508,0.406197
0.412349,0.464639
0.431512,0.591469
0.230642,0.37916
0.525244,0.541526
0.40102,0.354222
0.251186,0.332763
0.495851,0.554634
0.547535,0.57505
0.627113,0.680746
0.21544,0.351539
0.60789,0.732903
0.512572,0.514465
0.41723,0.478012
0.552331,0.635695
0.518794,0.528249
0.450087,0.372219
0.430455,0.492962
0.327317,0.395286
0.208442,0.264969
0.496789,0.489851
0.557119,0.753053
0.577955,0.613554
0.32973,0.342947
0.451107,0.589776
0.485342,0.481262
0.49528,0.555323
0.25439,0.254803
0.530256,0.553253
0.29118,0.438218
0.614279,0.689736
0.328115,0.418468
0.312366,0.399002
0.556767,0.730274
0.577702,0.654389
0.465118,0.45466
0.257492,0.209176
0.50992,0.661294
0.523378,0.511757
0.266141,0.43876
0.697865,0.804507
0.426015,0.470571
0.728502,0.825049
0.283916,0.353773
0.350098,0.29974
0.309797,0.475403
0.594228,0.612098
0.352414,0.467849
0.455115,0.547515
0.451192,0.585419
0.581433,0.648095
0.24127,0.36415
0.487518,0.593064
0.384502,0.453759
0.345186,0.406421
0.387718,0.40037
0.500752,0.707505
0.430742,0.477512
0.167302,0.2916
0.708255,0.719453
0.402131,0.550003
0.49234,0.540329
0.406499,0.426243
0.455238,0.507085
0.5079,0.588136
0.59725,0.756189
0.517439,0.689284
0.38033,0.569472
0.39751,0.449283
0.447183,0.41648
0.531585,0.518865
0.422098,0.498906
0.491448,0.545294
0.297704,0.337843
0.457457,0.526967
0.454295,0.512061
0.555334,0.688612
0.613304,0.756079
0.439637,0.597477
0.343168,0.436187
0.257809,0.311258
0.491474,0.560121
0.52245,0.620513
0.433895,0.388439
0.424807,0.465778
0.36566,0.469638
0.348269,0.505149
0.450624,0.515462
0.388717,0.554402
0.517784,0.51945
0.589764,0.509573
0.454885,0.520592
0.277644,0.445612
0.467438,0.45283
0.433741,0.671449
0.397684,0.447886
0.52251,0.654892
0.327873,0.442218
0.313497,0.374207
0.518999,0.515442
0.684216,0.772782
0.519409,0.572127
0.550733,0.579693
0.414249,0.595309
0.370798,0.335622
0.388663,0.424618
0.422953,0.478434
0.442489,0.621064
0.225118,0.281856
0.791689,0.879526
0.529238,0.570067
0.336883,0.41328
0.694559,0.659085
0.455302,0.586207
0.495433,0.57612
0.411543,0.45657
0.567461,0.508752
0.474411,0.438241
0.358934,0.445484
0.530367,0.451848
0.419726,0.45621
0.373949,0.349393
0.539498,0.62929
0.641656,0.629135
0.625574,0.815867
0.521602,0.566117
0.44932,0.401058
0.295585,0.444846
0.285906,0.367426
0.353595,0.391539
0.374786,0.544099
0.436312,0.429077
0.671081,0.684033
0.52112,0.654131
0.655127,0.694513
0.422259,0.488312
0.529713,0.576697
0.45244,0.518688
0.426438,0.485708
0.164463,0.160564
0.411913,0.512303
0.669131,0.633545
0.662564,0.642784
0.602033,0.611114
0.219881,0.271546
0.517815,0.540755
0.641939,0.705307
0.305595,0.442645
0.41791,0.529337
0.456447,0.467229
0.560912,0.721522
0.499729,0.616684
0.602147,0.754011
0.52104,0.688055
0.289089,0.309491
0.287726,0.273332
0.360631,0.472164
0.492822,0.644952
0.521137,0.582964
0.449356,0.559855
0.490931,0.628157
0.490149,0.638373
0.32873,0.421213
0.447768,0.557171
0.252987,0.435333
0.796201,0.809415
0.442534,0.485641
0.461146,0.560795
0.391886,0.430567
0.507282,0.557977
0.157506,0.245589
0.738775,0.754269
0.532964,0.590177
0.444157,0.528576
0.264161,0.404155
0.655386,0.628326
0.606467,0.57703
0.35089,0.550624
0.497564,0.556281
0.521305,0.543337
0.441115,0.585058
0.451348,0.483471
0.586865,0.653716
0.472036,0.640413
0.4682,0.491529
0.502172,0.561316
0.468876,0.59522
0.671637,0.711982
0.510839,0.666182
0.493156,0.456993
0.670734,0.668394
0.468864,0.574309
0.380143,0.414464
0.35727,0.466347
0.445713,0.486802
0.497707,0.531832
0.605943,0.708888
0.682785,0.668393
0.428637,0.388028
0.53985,0.600074
0.31632,0.294894
0.365984,0.478085
0.477274,0.46235
0.466609,0.542396
0.478525,0.606561
0.277303,0.428792
0.361892,0.409339
0.34035,0.444196
0.53884,0.581685
0.559339,0.688321
0.272702,0.261767
0.483368,0.625435
0.479731,0.51273
0.629454,0.531927
0.515824,0.618866
0.415058,0.573524
0.540453,0.56696
0.380849,0.40494
0.595484,0.69625
0.409195,0.533531
0.445773,0.686223
0.262879,0.411873
0.660566,0.655248
0.32157,0.427255
0.367039,0.395104
0.454248,0.557727
0.57434,0.705461
0.582599,0.662826
0.465179,0.527462
0.253262,0.295898
0.741061,0.840752
0.647136,0.732207
0.383495,0.416501
0.778465,0.750001
0.480282,0.47646
0.751564,0.69951
0.872014,0.910016
0.521925,0.550649
0.232547,0.413135
0.351489,0.431642
0.526456,0.725424
0.647863,0.742904
0.359081,0.458535
0.641894,0.755776
0.470384,0.531905
0.40593,0.421858
0.229977,0.236879
0.426076,0.459666
0.440659,0.549999
0.462376,0.656552
0.548514,0.592087
0.385744,0.565089
0.253133,0.247733
0.313307,0.446742
0.756491,0.729551
0.485319,0.64479
0.370556,0.452816
0.71685,0.737841
0.350209,0.461442
0.60338,0.536057
0.473049,0.499967
0.316532,0.322737
0.448989,0.421881
0.735614,0.809979
0.161856,0.233077
0.154971,0.285514
0.592857,0.56713
0.465043,0.50773
0.437001,0.584657
0.399954,0.48419
0.750604,0.759626
0.59578,0.627971
0.651602,0.690883
0.346298,0.386111
0.253718,0.370918
0.644854,0.693243
0.436178,0.475413
0.460075,0.423533
0.557577,0.630591
0.371215,0.406531
0.517606,0.669248
0.53623,0.673721
0.394889,0.372288
0.590919,0.721972
0.586209,0.52117
0.514047,0.60724
0.350894,0.482225
0.438257,0.540313
0.39174,0.49034
0.24872,0.266406
0.568736,0.559265
0.222209,0.340365
0.620484,0.675038
0.51702,0.560095
0.403267,0.388291
0.263456,0.258874
0.413075,0.434853
0.659957,0.698587
0.215047,0.177987
0.242639,0.401489
0.398876,0.50871
0.452505,0.584129
0.483185,0.528688
0.397654,0.466723
0.418434,0.478805
0.409335,0.595364
0.426551,0.444581
0.302216,0.514369
0.533651,0.473446
0.538426,0.682974
0.568273,0.568411
0.416595,0.474329
0.314618,0.408458
0.277568,0.410813
0.629945,0.677006
0.465121,0.560857
0.34555,0.405438
0.527482,0.536258
0.545457,0.624626
0.357873,0.330257
0.367489,0.475649
0.650441,0.663465
0.436085,0.623028
0.466523,0.431874
0.254864,0.294931
0.349504,0.4236
0.765641,0.78495
0.37997,0.501198
0.500053,0.536252
0.238975,0.281145
0.386302,0.540795
0.492447,0.450364
0.490683,0.619297
0.423511,0.438418
0.395936,0.478948
0.410426,0.352846
0.611632,0.727913
0.57778,0.634186
0.622707,0.718771
0.406036,0.596974
0.496648,0.538748
0.426008,0.435895
0.299613,0.2889
0.533525,0.549967
0.649643,0.782011
0.572226,0.733006
0.397214,0.573202
0.506057,0.537436
0.723601,0.702829
0.478601,0.426928
0.559946,0.648312
0.450691,0.601419
0.409248,0.47745
0.435818,0.429853
0.416097,0.416896
0.459463,0.517843
0.635667,0.701107
0.51597,0.620476
0.430681,0.421255
0.419639,0.517659
0.445745,0.438172
0.509978,0.536452
0.307116,0.442148
0.179082,0.304359
0.721507,0.826438
0.364007,0.329043
0.505956,0.581523
0.376608,0.53029
0.445309,0.615244
0.320365,0.37831
0.27981,0.413013
0.429032,0.645799
0.449366,0.609194
0.408758,0.418923
0.350989,0.429549
0.550492,0.635983
0.467473,0.466597
0.242636,0.206316
0.262477,0.372433
0.606884,0.677313
0.241493,0.228975
0.400871,0.46651
0.226725,0.323989
0.350536,0.473204
0.599025,0.565103
0.417105,0.589232
0.466889,0.563896
0.398045,0.360935
0.333182,0.438442
0.489136,0.456381
0.562638,0.675671
0.384613,0.536392
0.50315,0.629794
0.198485,0.238732
0.587135,0.648905
0.329133,0.49169
0.41949,0.382431
0.470347,0.539168
0.337192,0.421924
0.364013,0.434703
0.330917,0.292998
0.517043,0.650484
0.495907,0.582976
0.537781,0.594204
0.592383,0.721092
0.371684,0.388957
0.396929,0.544854
0.344143,0.485862
0.556111,0.529663
0.456642,0.530557
0.35948,0.501011
0.534496,0.498532
0.476088,0.431258
0.244413,0.412111
0.295894,0.383326
0.558879,0.664131
0.515711,0.61734
0.755069,0.755627
0.473717,0.6423
0.514037,0.530515
0.399538,0.509713
0.346278,0.462206
0.346324,0.429901
0.233772,0.37292
0.197098,0.287598
0.395621,0.475589
0.482428,0.547512
0.548277,0.658131
0.418516,0.577335
0.545473,0.641829
0.49109,0.462753
0.579992,0.680314
0.235007,0.356599
0.429309,0.43603
0.481506,0.542388
0.460021,0.589925
0.655431,0.606356
0.5892,0.772845
0.549471,0.54232
0.473965,0.553613
0.712874,0.756484
0.550611,0.713021
0.495379,0.549597
0.515963,0.693948
0.280483,0.348644
0.494909,0.47499
0.518313,0.608073
0.608328,0.641617
0.372319,0.466751
0.607907,0.592911
0.506678,0.487886
0.503646,0.565408
0.625299,0.609253
0.387432,0.657047
0.615444,0.59865
0.45289,0.441494
0.484513,0.500437
0.566371,0.707822
0.175538,0.257009
0.386559,0.3996
0.747733,0.732782
0.606765,0.703469
0.469985,0.512693
0.394857,0.5004
0.383541,0.469659
0.393551,0.390451
0.33268,0.480668
0.446001,0.567127
0.55072,0.624343
0.288091,0.380309
0.314009,0.342207
0.496756,0.587977
0.432567,0.561114
0.436457,0.554727
0.436075,0.581833
0.657532,0.684643
0.374241,0.512968
0.43066,0.442259
0.485701,0.550672
0.359358,0.404194
0.376669,0.441573
0.487481,0.559985
0.2488,0.328124
0.196174,0.315203
0.493671,0.560349
0.250325,0.446456
0.462361,0.564636
0.543996,0.58578
0.627476,0.677837
0.32074,0.284933
0.600581,0.658203
0.209419,0.276836
0.290815,0.449877
0.655237,0.60872
0.600146,0.586521
0.415398,0.426186
0.592218,0.56892
0.621161,0.695714
0.532006,0.665418
0.43293,0.517188
0.25348,0.363733
0.439806,0.455678
0.644523,0.638793
0.463271,0.572448
0.526012,0.622206
0.421017,0.452964
0.375694,0.359765
0.326553,0.464596
0.563302,0.610193
0.38469,0.471852
0.625766,0.670109
0.365996,0.385874
0.471371,0.656468
0.410936,0.467524
0.587152,0.690244
0.334866,0.42701
0.429093,0.494453
0.303702,0.344912
0.546149,0.555806
0.546617,0.662655
0.605132,0.761574
0.415532,0.511344
0.613348,0.659937
0.617302,0.687735
0.623802,0.599124
0.464829,0.585521
0.58303,0.639323
0.383569,0.486092
0.549487,0.651254
0.463026,0.46586
0.356096,0.456492
0.524221,0.658768
0.251428,0.308185
0.154631,0.290978
0.331843,0.458182
0.211194,0.263943
0.40194,0.490703
0.547306,0.630451
0.336881,0.469358
0.45514,0.537816
0.64446,0.790623
0.593441,0.57437
0.550994,0.618953
0.639376,0.715261
0.359004,0.405683
0.44966,0.481361
0.382164,0.527963
0.330007,0.333051
0.506064,0.516573
0.759691,0.815354
0.342369,0.403597
0.47543,0.583396
0.347585,0.393706
0.665946,0.705947
0.423107,0.546476
0.316292,0.371682
0.283466,0.411625
0.455249,0.527931
0.540004,0.65728
0.477654,0.444346
0.281448,0.410508
0.489772,0.521113
0.742067,0.876391
0.236718,0.340792
0.455428,0.579047
0.573554,0.55104
0.402225,0.520913
0.574421,0.593967
0.634196,0.7207
0.42557,0.500589
0.38257,0.456679
0.541943,0.636926
0.536869,0.623232
0.533518,0.562064
0.339992,0.429455
0.325959,0.391707
0.402885,0.630024
0.412874,0.572999
0.328977,0.38825
0.582217,0.621672
0.341477,0.451839
0.451986,0.342591
0.455767,0.468662
0.43793,0.548737
0.57969,0.575226
0.452659,0.409542
0.551683,0.682487
0.456081,0.473292
0.694786,0.74265
0.658376,0.652496
0.499307,0.588972
0.546372,0.73818
0.483985,0.627035
0.299491,0.377724
0.599127,0.673956
0.472928,0.561729
0.39268,0.526885
0.476473,0.488048
0.463015,0.479474
0.45012,0.624297
0.675576,0.79565
0.445268,0.571234
0.34529,0.367753
0.819286,0.750188
0.284547,0.452468
0.406682,0.538942
0.496726,0.523024
0.590031,0.650392
0.445188,0.455735
0.347987,0.401381
0.502643,0.543731
0.757361,0.739691
0.323564,0.485622
0.664134,0.771061
0.302046,0.325667
0.548733,0.678593
0.471795,0.507961
0.602831,0.76077
0.42058,0.579654
0.381398,0.396845
0.369435,0.382815
0.287782,0.361129
0.458506,0.488493
0.482888,0.55296
0.394276,0.521819
0.602445,0.593334
0.211157,0.237802
0.360475,0.528641
0.506038,0.480671
0.680465,0.748623
0.561405,0.486653
0.610449,0.718852
0.560059,0.630427
0.332969,0.469192
0.557452,0.526148
0.309736,0.41779
0.511842,0.470207
0.447545,0.477906
0.525349,0.660505
0.47251,0.535793
0.510989,0.571947
0.570746,0.665171
0.366203,0.371991
0.54395,0.618342
0.480842,0.472174
0.465855,0.491708
0.688747,0.659762
0.510388,0.659205
0.52771,0.427709
0.518569,0.628623
0.670068,0.756162
0.511419,0.543778
0.700003,0.824371
0.451081,0.572481
0.219144,0.362445
0.544687,0.590085
0.416426,0.572212
0.451709,0.527523
0.567974,0.620656
0.395667,0.573952
0.0,0.0
0.490241,0.644236
0.444965,0.590517
0.281497,0.266332
0.507088,0.527554
0.338282,0.489609
0.353106,0.414482
0.470373,0.488575
0.429799,0.538291
0.470009,0.413905
0.473744,0.44569
0.514761,0.606035
0.545424,0.520542
0.534642,0.560713
0.393594,0.466451
0.520001,0.48324
0.629532,0.736717
0.545345,0.515122
0.643581,0.741233
0.593962,0.59977
0.442962,0.540041
0.299458,0.435515
0.279394,0.286575
0.473886,0.616942
0.352823,0.49053
0.265535,0.376879
0.40368,0.412385
0.521168,0.571251
0.420047,0.541312
0.305707,0.513755
0.581563,0.629466
0.374896,0.493918
0.735832,0.778426
0.472381,0.485043
0.360843,0.318112
0.233168,0.357728
0.370379,0.440257
0.513308,0.548644
0.533794,0.59192
0.512143,0.54838
0.456975,0.548885
0.320738,0.310478
0.541077,0.508283
0.195567,0.339461
0.50992,0.567733
0.363887,0.477482
0.396512,0.478009
0.451298,0.466151
0.678846,0.697746
0.563364,0.625186
0.206053,0.244976
0.572946,0.657942
0.373767,0.469298
0.535517,0.583908
0.381228,0.454807
0.465214,0.559169
0.474971,0.517022
0.419864,0.551524
0.413921,0.57771
0.614647,0.708669
0.489953,0.725386
0.390179,0.368764
0.645771,0.705605
0.413966,0.406125
0.647492,0.77384
0.431874,0.543551
0.509603,0.631191
0.51355,0.570087
0.453703,0.476919
0.505417,0.558182
0.07376,0.279273
0.417884,0.534055
0.503502,0.605451
0.36035,0.421275
0.487249,0.436164
0.545628,0.771712
0.536489,0.517955
0.506813,0.605968
0.557508,0.675631
0.309243,0.311413
0.637607,0.646752
0.407783,0.475334
0.441247,0.456969
0.457856,0.544711
0.518441,0.505924
0.560389,0.643815
0.363359,0.379074
0.416701,0.486098
0.514498,0.616726
0.518996,0.625101
0.393636,0.396194
0.327274,0.42729
0.47308,0.549476
0.610139,0.657635
0.394867,0.49591
0.368138,0.420044
0.401726,0.449772
0.497661,0.526194
0.552126,0.655252
0.536108,0.57479
0.528483,0.599208
0.301977,0.423649
0.771988,0.724341
0.314236,0.485662
0.290892,0.390053
0.563058,0.602627
0.672066,0.752687
0.765466,0.920966
0.507939,0.587358
0.543407,0.594559
0.431938,0.484857
0.729744,0.794428
0.752577,0.82662
0.382718,0.409688
0.454999,0.617178
0.50146,0.433579
0.551122,0.549796
0.506697,0.54695
0.414137,0.488698
0.554801,0.717529
0.405205,0.481414
0.353127,0.488709
0.367254,0.410497
0.602003,0.63754
0.328732,0.342568
0.396203,0.517497
0.391435,0.444851
0.380704,0.427749
0.33874,0.37803
0.242529,0.320698
0.459942,0.541473
0.578177,0.655624
0.32918,0.412891
0.360544,0.443574
0.462371,0.468283
0.776357,0.796855
0.550086,0.557521
0.440671,0.619441
0.18117,0.292536
0.38931,0.360143
0.46644,0.483396
0.461893,0.524287
0.557504,0.624128
0.642375,0.55688
0.088093,0.172838
0.492995,0.488017
0.726648,0.668263
0.539915,0.573732
0.406342,0.458971
0.517898,0.566924
0.457112,0.40064
0.510508,0.56979
0.461009,0.565234
0.622388,0.637384
0.392141,0.490547
0.576163,0.614095
0.549591,0.555401
0.49253,0.560174
0.4719,0.487488
0.441683,0.404873
0.288011,0.390046
0.355691,0.361824
0.456919,0.573446
0.583924,0.543396
0.505145,0.613562
0.48064,0.539892
0.43835,0.409808
0.404346,0.359292
0.601856,0.640248
0.492495,0.608192
0.381019,0.45591
0.612445,0.705097
0.47321,0.450663
0.475062,0.550038
0.437692,0.490468
0.478776,0.523663
0.304295,0.36769
0.531211,0.604151
0.642525,0.656952
0.290957,0.40176
0.418947,0.347584
0.62067,0.673383
0.442145,0.42385
0.68901,0.718179
0.481011,0.55778
0.535153,0.606766
0.849248,0.879279
0.397222,0.508189
0.507665,0.575387
0.555068,0.603869
0.597373,0.705395
0.402691,0.383339
0.261048,0.357143
0.570567,0.673054
0.478,0.485984
0.328676,0.518291
0.688491,0.774449
0.531416,0.683805
0.516732,0.541026
0.55744,0.60411
0.457649,0.451653
0.421295,0.45386
0.425513,0.424844
0.524112,0.629248
0.599703,0.612498
0.344295,0.425696
0.434488,0.502187
0.557314,0.578215
0.650793,0.583521
0.702318,0.735123
0.269792,0.384703
0.258437,0.352833
0.280339,0.306235
0.181941,0.272372
0.500944,0.567206
0.528776,0.675655
0.475954,0.557111
0.406534,0.48369
0.46923,0.535281
0.539901,0.591676
0.350029,0.44121
0.384372,0.489212
0.489434,0.530339
0.454195,0.575982
0.417203,0.559237
0.343668,0.415791
0.54092,0.417958
0.530134,0.532236
0.137709,0.193741
0.461483,0.521854
0.421545,0.53313
0.529067,0.540925
0.567772,0.533263
0.431561,0.412091
0.414573,0.508059
0.478534,0.602579
0.418794,0.565828
0.414452,0.553873
0.331543,0.334058
0.414615,0.495325
0.241051,0.345694
0.384143,0.394256
0.265794,0.35666
0.568438,0.663713
0.373838,0.475523
0.625615,0.702177
0.364769,0.404577
0.729201,0.795054
0.210667,0.233136
0.543902,0.58618
0.552815,0.570025
0.542361,0.708665
0.351452,0.431622
0.553625,0.58653
0.329717,0.380105
0.386613,0.513788
0.567517,0.640264
0.424672,0.359716
0.566224,0.657031
0.485439,0.53293
0.503616,0.577691
0.464702,0.608967
0.381606,0.374171
0.47095,0.566364
0.291878,0.434025
0.337158,0.389705
0.434231,0.60106
0.385764,0.480139
0.305479,0.431342
0.455484,0.4639
0.409586,0.488109
0.626132,0.676286
0.297167,0.424005
0.46113,0.591392
0.470271,0.644153
0.489528,0.54419
0.433105,0.408465
0.322642,0.421422
0.406679,0.410119
0.535468,0.523699
0.486734,0.561574
0.358929,0.40172
0.690504,0.799929
0.445654,0.391064
0.414355,0.4305
0.660916,0.759897
0.435264,0.431293
0.670338,0.741804
0.227844,0.300187
0.432607,0.658542
0.538657,0.655407
0.519636,0.665194
0.573411,0.591925
0.467776,0.601936
0.637609,0.660992
0.354104,0.416166
0.378619,0.379761
0.253522,0.309422
0.750859,0.803904
0.43557,0.545783
0.659788,0.75973
0.453793,0.455628
0.28676,0.422585
0.322154,0.344162
0.40227,0.421059
0.401008,0.482037
0.70126,0.781357
0.683626,0.705998
0.52872,0.538419
0.535838,0.542693
0.391066,0.438878
0.390004,0.400883
0.349023,0.460006
0.457164,0.571332
0.414518,0.421777
0.651378,0.788392
0.289081,0.41437
0.537372,0.599801
0.52874,0.541277
0.671952,0.691513
0.431079,0.650751
0.355109,0.392572
0.352776,0.487367
0.567091,0.673756
0.391087,0.493448
0.428219,0.566879
0.315478,0.374761
0.744274,0.762265
0.41167,0.417731
0.570541,0.648071
0.618393,0.660297
0.40438,0.328268
0.298972,0.393436
0.485179,0.653199
0.396283,0.489002
0.569219,0.653931
0.463316,0.492326
0.597441,0.701935
0.53453,0.529091
0.518501,0.547317
0.306324,0.452055
0.424761,0.464499
0.310397,0.284759
0.458371,0.544345
0.626514,0.765133
0.270316,0.358103
0.381418,0.344262
0.574719,0.618943
0.554128,0.634405
0.496957,0.525148
0.40744,0.514445
0.464483,0.549147
0.414788,0.461701
0.512867,0.564539
0.600937,0.568843
0.51216,0.65026
0.495348,0.603852
0.443985,0.568712
0.259071,0.215659
0.492212,0.573485
0.524161,0.643397
0.535166,0.567226
0.326489,0.396233
0.147524,0.194341
0.505736,0.621935
0.480911,0.507468
0.442643,0.423683
0.515126,0.578801
0.627331,0.548438
0.691391,0.695741
0.554717,0.717052
0.393569,0.353344
0.504039,0.508179
0.388918,0.423437
0.372751,0.399037
0.320387,0.360899
0.363559,0.536669
0.404753,0.475318
0.408362,0.511082
0.501967,0.618172
0.366495,0.417473
0.589416,0.699146
0.370263,0.515128
0.413775,0.483145
0.646309,0.573982
0.563409,0.559421
0.427423,0.505673
0.445611,0.529859
0.501953,0.534837
0.3148,0.334602
0.533433,0.605404
0.453601,0.406442
0.495395,0.428714
0.512232,0.615563
0.608987,0.57516
0.435751,0.401881
0.419686,0.440872
0.477866,0.554038
0.404231,0.571161
0.555077,0.638465
0.542289,0.63439
0.453303,0.49998
0.363126,0.462871
0.433418,0.568441
0.196693,0.298438
0.300716,0.368538
0.492776,0.543512
0.506184,0.574956
0.469171,0.489462
0.356948,0.43137
0.485775,0.501602
0.395192,0.513685
0.411336,0.421838
0.310216,0.378203
0.65371,0.689663
0.52535,0.611257
0.455657,0.511819
0.385679,0.52918
0.634868,0.620572
0.577714,0.631325
0.521086,0.575005
0.503716,0.545952
0.48056,0.593355
0.476187,0.619145
0.261799,0.272916
0.539972,0.658804
0.556241,0.658597
0.58874,0.685987
0.184848,0.301957
0.525253,0.626072
0.377932,0.322695
0.488203,0.551151
0.507957,0.617721
0.499199,0.563887
0.505553,0.559117
0.540331,0.541243
0.376448,0.516332
0.494543,0.568849
0.370409,0.408318
0.291821,0.373673
0.540691,0.62247
0.286714,0.30989
0.539694,0.570405
0.450326,0.394828
0.632605,0.679286
0.676964,0.766013
0.443954,0.573932
0.467313,0.473068
0.659295,0.572264
0.33803,0.514453
0.574594,0.610806
0.479357,0.52511
0.570587,0.629844
0.605554,0.63834
0.40922,0.522897
0.382643,0.521797
0.482756,0.472666
0.558158,0.68835
0.302791,0.313559
0.3957,0.382047
0.394805,0.502806
0.39009,0.555243
0.565128,0.595807
0.483367,0.618542
0.442554,0.465401
0.5833,0.599598
0.645874,0.783213
0.476379,0.573879
0.482317,0.521708
0.528848,0.601223
0.6747,0.753647
0.484465,0.618766
0.440155,0.61107
0.513578,0.528622
0.689858,0.651226
0.417253,0.573145
0.511033,0.554425
0.29504,0.366425
0.628818,0.750356
0.401221,0.465078
0.322334,0.316255
0.329093,0.425637
0.413336,0.383869
0.594598,0.678622
0.193435,0.297626
0.564703,0.60263
0.629246,0.729941
0.374716,0.434405
0.417527,0.39765
0.677177,0.813589
0.627295,0.688189
0.525911,0.501359
0.33071,0.284723
0.470065,0.570437
0.210854,0.33253
0.651927,0.733833
0.381401,0.404324
0.2413,0.275979
0.404454,0.415276
0.649083,0.668469
0.538436,0.566844
0.590047,0.599594
0.496244,0.429485
0.552825,0.580036
0.547244,0.52223
0.484369,0.577889
0.481812,0.512992
0.546154,0.667345
0.2014,0.258313
0.217797,0.334322
0.515239,0.546582
0.349776,0.421711
0.695565,0.789878
0.462672,0.604523
0.482097,0.593489
0.673588,0.692381
0.377142,0.502132
0.548323,0.58131
0.414243,0.372141
0.553941,0.570232
0.509788,0.563419
0.412443,0.582038
0.518025,0.613045
0.377778,0.465313
0.619182,0.681689
0.636332,0.712481
0.402915,0.403619
0.486924,0.55596
0.395226,0.418868
0.336914,0.355935
0.521655,0.638121
0.643061,0.7525
0.450428,0.645562
0.355151,0.415642
0.518478,0.589156
0.523936,0.675243
0.517884,0.682929
0.397528,0.495884
0.367169,0.486422
0.520197,0.677736
0.339911,0.317904
0.456711,0.478011
0.819043,0.889953
0.274472,0.24688
0.259955,0.363943
0.444792,0.525319
0.434708,0.376973
0.357265,0.46607
0.555895,0.536123
0.476162,0.723804
0.390162,0.579304
0.59482,0.702989
0.488323,0.525042
0.560306,0.553901
0.485968,0.547099
0.464463,0.499998
0.618133,0.676666
0.714808,0.805163
0.494836,0.530154
0.574851,0.567406
0.493504,0.568543
0.565691,0.60594
0.253874,0.419809
0.224763,0.336462
0.347009,0.414196
0.444281,0.466651
0.412688,0.55522
0.500571,0.452217
0.5017,0.626827
0.771659,0.840236
0.48747,0.530267
0.547557,0.655978
0.398026,0.498516
0.708715,0.737848
0.245299,0.264332
0.623283,0.7749
0.482927,0.546653
0.232174,0.348828
0.351787,0.381989
0.525673,0.575539
0.473639,0.522872
0.445382,0.470682
0.466874,0.620269
0.45482,0.447058
0.295352,0.432614
0.453271,0.371195
0.248138,0.336628
0.575759,0.728906
0.475621,0.569482
0.515466,0.496375
0.748451,0.796877
0.596573,0.640835
0.333128,0.368965
0.421356,0.439788
0.529469,0.660915
0.185732,0.239423
0.380054,0.329063
0.435579,0.471245
0.670387,0.644198
0.267903,0.304338
0.229377,0.333881
0.504888,0.592311
0.346556,0.438774
0.565006,0.702039
0.480274,0.452909
0.673,0.715536
0.617201,0.631421
0.580987,0.557463
0.384604,0.533071
0.621904,0.655924
0.191958,0.267276
0.5893,0.694111
0.62282,0.686814
0.190019,0.222955
0.284934,0.265677
0.518384,0.629831
0.463035,0.610099
0.489455,0.431523
0.369466,0.501295
0.352534,0.402573
0.292598,0.333307
0.344053,0.402367
0.605951,0.657928
0.403117,0.398578
0.399004,0.493074
0.287988,0.373882
0.418601,0.504283
0.532182,0.491994
0.339318,0.283095
0.417399,0.505488
0.190589,0.235765
0.429057,0.500615
0.444488,0.558336
0.600473,0.651589
0.569822,0.745868
0.349223,0.608988
0.27193,0.420234
0.288214,0.277085
0.519832,0.567601
0.672745,0.656536
0.514124,0.621435
0.429476,0.560431
0.541899,0.5245
0.513345,0.579464
0.465032,0.538169
0.242645,0.280007
0.377515,0.422663
0.473576,0.623519
0.72855,0.894825
0.561142,0.597789
0.656604,0.702209
0.390993,0.425575
0.255932,0.299039
0.650694,0.688627
0.622067,0.713683
0.617383,0.573505
0.40662,0.539546
0.46239,0.520713
0.376491,0.408549
0.411057,0.567898
0.805457,0.902395
0.253169,0.362652
0.450323,0.561373
0.420321,0.483644
0.454925,0.581789
0.300159,0.360164
0.377367,0.465351
0.356834,0.378006
0.44587,0.394194
0.356636,0.510277
0.460023,0.515863
0.550968,0.700674
0.641496,0.609337
0.554255,0.54293
0.515892,0.586513
0.491992,0.560986
0.46179,0.481896
0.503662,0.561543
0.424427,0.555923
0.359406,0.459453
0.365431,0.390954
0.5397,0.525711
0.486526,0.561129
0.530849,0.508793
0.342188,0.387869
0.407216,0.33811
0.287054,0.386854
0.423762,0.45332
0.439127,0.5483
0.435516,0.513244
0.610381,0.712497
0.376408,0.56468
0.620883,0.686132
0.411107,0.490013
0.505137,0.60756
0.499031,0.484027
0.548809,0.631632
0.483668,0.526564
0.360374,0.338801
0.566436,0.685117
0.38134,0.553959
0.450532,0.419862
0.363494,0.52056
0.368266,0.455967
0.534844,0.590534
0.365095,0.461186
0.520596,0.516503
0.564079,0.529143
0.349547,0.436745
0.452836,0.46941
0.551856,0.635219
0.684583,0.796016
0.637768,0.616999
0.399018,0.38384
0.557598,0.630529
0.292332,0.206571
0.522205,0.570306
0.423107,0.547652
0.500486,0.486606
0.287322,0.305414
0.350147,0.557754
0.416334,0.379005
0.273815,0.323009
0.47475,0.535687
0.436917,0.503152
0.359499,0.419254
0.35032,0.361882
0.403339,0.551379
0.266863,0.276251
0.420725,0.563925
0.51764,0.592974
0.374129,0.458305
0.404987,0.473121
0.369387,0.422554
0.451766,0.49481
0.530398,0.538304
0.579578,0.572641
0.498758,0.610946
0.406144,0.363716
0.432768,0.468127
0.616602,0.654199
0.458444,0.629942
0.392811,0.389602
0.468357,0.461131
0.449461,0.630253
0.34009,0.398611
0.343363,0.31594
0.43812,0.404529
0.381939,0.409993
0.438036,0.465635
0.490277,0.482321
0.44479,0.466906
0.60446,0.526245
0.328695,0.407495
0.520362,0.577524
0.270936,0.366853
0.399028,0.386125
0.279033,0.299986
0.51006,0.548409
0.513166,0.489787
0.351573,0.43969
0.498724,0.534376
0.348427,0.427993
0.566303,0.585427
0.374656,0.449434
0.545868,0.55785
0.533427,0.567146
0.48314,0.619394
0.513577,0.57423
0.526245,0.575618
0.363892,0.413663
0.62479,0.585056
0.45032,0.674822
0.51986,0.478479
0.368343,0.47977
0.61515,0.693309
0.589519,0.671616
0.353332,0.417757
0.466432,0.488112
0.569324,0.625815
0.437392,0.576272
0.306752,0.322848
0.496349,0.397462
0.175783,0.241889
0.314287,0.404613
0.399182,0.400834
0.356205,0.53158
0.36679,0.524865
0.682337,0.737931
0.552844,0.608064
0.458573,0.558781
0.354238,0.421337
0.582282,0.698768
0.175366,0.351287
0.479065,0.577324
0.592922,0.683161
0.608384,0.645785
0.608673,0.666306
0.556685,0.680421
0.635145,0.740742
0.500766,0.468376
0.413256,0.337123
0.495696,0.553729
0.410396,0.447454
0.536619,0.574609
0.467784,0.651971
0.407004,0.402853
0.457265,0.46102
0.294246,0.448268
0.398562,0.461362
0.339363,0.364001
0.476444,0.461415
0.355695,0.395225
0.324166,0.480736
0.403821,0.489388
0.362474,0.400854
0.470888,0.568847
0.586837,0.635505
0.521106,0.585755
0.449194,0.542594
0.37878,0.574633
0.424303,0.618697
0.287773,0.392217
0.648499,0.703171
0.693938,0.727631
0.62707,0.709542
0.575913,0.709811
0.579939,0.671135
0.613843,0.745853
0.395732,0.444889
0.329586,0.437785
0.404783,0.414046
0.240026,0.306271
0.526967,0.42774
0.222115,0.326289
0.699426,0.892446
0.379418,0.49592
0.568053,0.620633
0.276504,0.33686
0.468175,0.447984
0.277184,0.34917
0.597968,0.555063
0.41613,0.413932
0.562428,0.555498
0.217122,0.308981
0.413222,0.379741
0.417359,0.497508
0.482274,0.54135
0.581692,0.657028
0.606578,0.523632
0.474205,0.531874
0.584362,0.638291
0.430665,0.589041
0.32154,0.438946
0.468205,0.545576
0.480714,0.415774
0.436608,0.472819
0.440526,0.493367
0.346255,0.395812
0.567476,0.452128
0.470902,0.554797
0.054123,0.156794
0.630541,0.655212
0.31679,0.418048
0.612308,0.690309
0.580237,0.576371
0.671802,0.690856
0.313449,0.372121
0.367407,0.436531
0.427263,0.449415
0.523272,0.544681
0.429797,0.509926
0.397397,0.508419
0.511789,0.602012
0.585179,0.645457
0.481588,0.567997
0.474296,0.600674
0.581588,0.648309
0.484164,0.631001
0.645653,0.706701
0.433027,0.521098
0.364246,0.559984
0.612136,0.537408
0.602403,0.548938
0.431431,0.31868
0.452543,0.573746
0.27498,0.365975
0.481512,0.608972
0.538065,0.532285
0.3492,0.47334
0.595396,0.673514
0.633188,0.632548
0.436865,0.557943
0.488115,0.437718
0.32627,0.458927
0.500337,0.643101
0.417116,0.503034
0.371917,0.538688
0.598027,0.561589
0.552802,0.558987
0.511398,0.553781
0.369557,0.563677
0.424375,0.621354
0.380187,0.497625
0.321664,0.505524
0.405705,0.488777
0.386106,0.388375
0.495508,0.555622
0.430015,0.524161
0.886666,0.928221
0.463678,0.556989
0.470394,0.378061
0.34388,0.470593
0.459565,0.496791
0.294394,0.370335
0.507102,0.41799
0.478991,0.646984
0.498848,0.575766
0.443663,0.43428
0.537288,0.619081
0.504744,0.560122
0.669954,0.644312
0.14594,0.291344
0.445168,0.493521
0.414701,0.462823
0.318418,0.434939
0.527737,0.540018
0.629408,0.588085
0.387306,0.456346
0.425334,0.541286
0.306934,0.430932
0.349462,0.488527
0.738939,0.886747
0.403537,0.385662
0.308711,0.293046
0.428065,0.517683
0.61279,0.636819
0.801595,0.838798
0.382989,0.392381
0.30899,0.346376
0.463739,0.638365
0.503781,0.643376
0.534197,0.587263
0.467145,0.385961
0.332032,0.458959
0.341052,0.389491
0.559484,0.726758
0.736311,0.750567
0.423657,0.462543
0.551714,0.544122
0.467587,0.574433
0.35014,0.369861
0.609311,0.560587
0.486521,0.592775
0.454832,0.566019
0.754881,0.699348
0.443083,0.535571
0.59233,0.627103
0.359776,0.381829
0.659175,0.705437
0.387141,0.464261
0.335926,0.445102
0.246993,0.36995
0.429992,0.469576
0.29853,0.386747
0.400203,0.451395
0.450673,0.560237
0.519484,0.745045
0.451941,0.626605
0.221348,0.309098
0.319395,0.38919
0.498924,0.608769
0.745187,0.817149
0.646446,0.679461
0.498956,0.449987
0.472269,0.42809
0.485178,0.538007
0.399933,0.419671
0.642172,0.773831
0.336381,0.469103
0.644732,0.802685
0.468224,0.520874
0.418111,0.446561
0.312515,0.342823
0.531128,0.489649
0.543412,0.506333
0.294673,0.414818
0.408917,0.424981
0.51748,0.591817
0.411329,0.544121
0.439754,0.564237
0.406992,0.423144
0.25037,0.369081
0.278616,0.397142
0.417065,0.440691
0.369371,0.467316
0.418305,0.550397
0.625733,0.672749
0.330204,0.33123
0.274574,0.414889
0.422018,0.498598
0.376481,0.505606
0.52629,0.628871
0.593825,0.641261
0.477231,0.454324
0.637232,0.595639
0.281118,0.436674
0.612461,0.647727
0.375697,0.451752
0.610632,0.61772
0.513581,0.519476
0.400489,0.519247
0.323361,0.403389
0.512815,0.475154
0.682615,0.803593
0.409778,0.427662
0.378365,0.421679
0.608846,0.596184
0.368809,0.532055
0.503771,0.543097
0.514944,0.694309
0.562799,0.59525
0.497936,0.499522
0.509642,0.576906
0.705728,0.710971
0.546368,0.692424
0.460328,0.470348
0.540464,0.563231
0.380569,0.575905
0.307304,0.285198
0.52078,0.466104
0.312196,0.392447
0.383167,0.432268
0.421428,0.507328
0.536274,0.495674
0.386719,0.390143
0.469603,0.478537
0.46783,0.493565
0.701727,0.626305
0.342107,0.369367
0.517616,0.574849
0.724075,0.913187
0.497032,0.605659
0.379948,0.41385
0.389882,0.384135
0.366428,0.390146
0.479075,0.415238
0.297775,0.384705
0.376956,0.579152
0.427591,0.491976
0.442982,0.483341
0.302812,0.349691
0.444604,0.517548
0.43979,0.520854
0.379766,0.475092
0.444101,0.568112
0.512897,0.531444
0.538533,0.46902
0.708146,0.670781
0.255032,0.408683
0.425853,0.418092
0.431406,0.393227
0.517166,0.489225
0.548379,0.652248
0.189639,0.200555
0.670975,0.726604
0.460208,0.562438
0.482796,0.509873
0.570692,0.670873
0.279872,0.330979
0.303443,0.426729
0.636329,0.583865
0.64355,0.736872
0.4842,0.606553
0.44624,0.516818
0.529541,0.61091
0.514523,0.571394
0.590078,0.571854
0.394857,0.403595
0.2946,0.321397
0.548767,0.529085
0.428162,0.58256
0.634738,0.701385
0.540371,0.62792
0.448825,0.602415
0.738343,0.853692
0.211138,0.283784
0.481912,0.517229
0.481685,0.587556
0.414966,0.424599
0.560676,0.64924
0.363408,0.33543
0.557005,0.575386
0.35743,0.410492
0.68584,0.831089
0.433342,0.365646
0.674264,0.682635
0.155794,0.247999
0.473952,0.419779
0.274194,0.428261
0.271682,0.45402
0.593754,0.564244
0.398958,0.56874
0.61744,0.589478
0.350437,0.415257
0.327169,0.455454
0.363166,0.388598
0.346508,0.418567
0.667261,0.775894
0.644896,0.606739
0.338578,0.452517
0.702531,0.671464
0.318833,0.348451
0.62236,0.564067
0.343159,0.36606
0.638376,0.673924
0.481727,0.495853
0.599046,0.61271
0.477359,0.572265
0.45571,0.500704
0.512102,0.721469
0.366767,0.436901
0.642243,0.778971
0.542263,0.685051
0.642273,0.723083
0.370236,0.385899
0.534082,0.559954
0.349307,0.480453
0.290985,0.407279
0.531727,0.737217
0.288772,0.354768
0.246657,0.420346
0.680588,0.785856
0.434937,0.46454
0.383221,0.376189
0.369706,0.398963
0.461759,0.499163
0.504942,0.659054
0.388664,0.556531
0.300228,0.337742
0.440169,0.45199
0.37375,0.33347
0.287282,0.368163
0.623033,0.685976
0.615739,0.566543
0.414197,0.437943
0.57566,0.705192
0.504119,0.695271
0.507237,0.590474
0.279839,0.342303
0.368264,0.533044
0.583349,0.727573
0.539628,0.631555
0.566615,0.652964
0.591821,0.660085
0.46931,0.540559
0.343744,0.415761
0.459867,0.587817
0.38339,0.44551
0.471605,0.546295
0.473921,0.667821
0.525883,0.63438
0.348951,0.490887
0.436256,0.435216
0.358106,0.42377
0.450835,0.534181
0.496019,0.447293
0.296669,0.317564
0.411598,0.479283
0.564618,0.694603
0.373332,0.434331
0.400765,0.471015
0.214727,0.199596
0.354173,0.469381
0.308889,0.394206
0.445771,0.523393
0.349741,0.417964
0.470006,0.517444
0.416497,0.588767
0.355576,0.503005
0.656175,0.658762
0.338508,0.38701
0.526027,0.541225
0.493377,0.569852
0.486355,0.405538
0.402226,0.480609
0.528097,0.562585
0.49321,0.56609
0.344323,0.433873
0.37965,0.467994
0.384587,0.397701
0.5599,0.598406
0.420248,0.474477
0.564241,0.574193
0.520082,0.537538
0.513222,0.600992
0.395652,0.450533
0.529077,0.545943
0.769225,0.699124
0.577176,0.666095
0.660676,0.726207
0.539572,0.680358
0.478623,0.491721
0.609418,0.691505
0.482084,0.580796
0.5132,0.503197
0.482732,0.538349
0.275853,0.301988
0.316123,0.444338
0.529081,0.56397
0.484191,0.603095
0.55113,0.547857
0.57838,0.631667
0.617399,0.633039
0.285399,0.418943
0.424375,0.440159
0.363041,0.425448
0.615208,0.598235
0.540827,0.541213
0.221683,0.330847
0.463232,0.535637
0.333336,0.469765
0.512661,0.441173
0.406263,0.43519
0.543922,0.593117
0.598308,0.634891
0.353392,0.482812
0.517801,0.574485
0.231402,0.296356
0.537681,0.557645
0.483558,0.573087
0.547385,0.665625
0.466634,0.551528
0.65992,0.772609
0.52865,0.512724
0.254741,0.311999
0.555927,0.539766
0.348672,0.426025
0.660163,0.587786
0.565668,0.559003
0.452112,0.399057
0.352262,0.511287
0.635942,0.700651
0.627119,0.585355
0.32844,0.330036
0.391216,0.512516
0.430676,0.4345
0.582344,0.595599
0.368376,0.460586
0.474119,0.497739
0.373443,0.447148
0.391043,0.400578
0.423995,0.528299
0.607405,0.695295
0.555028,0.501601
0.536278,0.649279
0.588262,0.75918
0.542883,0.577212
0.44405,0.457571
0.694285,0.768596
0.403556,0.523464
0.733513,0.773403
0.622533,0.785193
0.371172,0.438577
0.382674,0.425744
0.616761,0.686308
0.465334,0.592867
0.399432,0.519341
0.433261,0.356625
0.678373,0.668583
0.454828,0.532317
0.173439,0.226545
0.530376,0.592795
0.527967,0.567451
0.402061,0.348035
0.631542,0.684418
0.577519,0.5049
0.459774,0.481657
0.504364,0.502517
0.563728,0.698512
0.388105,0.444294
0.220931,0.28669
0.513926,0.516746
0.280189,0.422941
0.532452,0.638919
0.767713,0.844721
0.386905,0.321848
0.420751,0.448181
0.447755,0.616304
0.332958,0.391034
0.481406,0.540905
0.414452,0.479842
0.357457,0.506279
0.38596,0.415699
0.388093,0.467709
0.413999,0.518161
0.445956,0.349658
0.393034,0.465861
0.617355,0.582125
0.506321,0.533606
0.334611,0.549478
0.562542,0.642689
0.58686,0.591214
0.360628,0.354535
0.309744,0.442416
0.361199,0.377539
0.607673,0.731996
0.572394,0.6394
0.560732,0.535931
0.660614,0.755735
0.367669,0.415339
0.511496,0.570289
0.513055,0.534308
0.482087,0.636373
0.446614,0.60089
0.227582,0.332732
0.483056,0.618297
0.355106,0.428787
0.468584,0.364379
0.424445,0.644584
0.581156,0.646862
0.746014,0.749234
0.412355,0.449175
0.42279,0.454564
0.515505,0.564523
0.409774,0.47292
0.488339,0.674572
0.650638,0.632252
0.555097,0.594762
0.482656,0.597314
0.26532,0.397201
0.510907,0.559483
0.588174,0.638143
0.496219,0.642905
0.521333,0.552504
0.43004,0.560216
0.394241,0.402469
0.27269,0.323479
0.596728,0.718957
0.395522,0.549404
0.62441,0.608446
0.487083,0.542032
0.343495,0.454977
0.372666,0.460195
0.556554,0.639913
0.525363,0.566604
0.44889,0.436243
0.467548,0.593165
0.395976,0.550242
0.401301,0.50074
0.433383,0.498207
0.408913,0.582546
0.198322,0.252021
0.396739,0.421325
0.347493,0.456437
0.331618,0.378096
0.505273,0.564525
0.299748,0.370933
0.372902,0.473442
0.316982,0.311335
0.398979,0.432337
0.344145,0.28773
0.562459,0.731537
0.539382,0.605318
0.636664,0.68829
0.38274,0.459499
0.494086,0.495867
0.511204,0.535604
0.676098,0.651852
0.415356,0.49709
0.499346,0.559628
0.080953,0.146536
0.372944,0.544081
0.436471,0.668583
0.676639,0.697353
0.528619,0.562566
0.406305,0.535002
0.455406,0.500739
0.685608,0.626236
0.544754,0.572789
0.373677,0.482436
0.448643,0.432201
0.332005,0.368129
0.335705,0.384129
0.551117,0.592827
0.538492,0.629666
0.770357,0.829928
0.395049,0.418068
0.604911,0.765605
0.619309,0.650277
0.417121,0.477376
0.416591,0.505788
0.674674,0.668167
0.209408,0.42195
0.472576,0.746392
0.469447,0.518789
0.459352,0.546584
0.806169,0.811836
0.326116,0.394751
0.535714,0.599652
0.628704,0.676108
0.54493,0.617372
0.61554,0.637588
0.518181,0.577989
0.609977,0.814163
0.482548,0.65583
0.673299,0.672137
0.388839,0.462124
0.361991,0.339473
0.35207,0.406609
0.297446,0.333648
0.514962,0.59858
0.486247,0.621841
0.347214,0.306145
0.716651,0.775243
0.361232,0.378374
0.434083,0.538754
0.526112,0.623805
0.529362,0.64962
0.386359,0.499261
0.726944,0.71129
0.678881,0.700683
0.754184,0.703437
0.349139,0.418904
0.509702,0.625622
0.648735,0.83577
0.61829,0.553851
0.484489,0.504647
0.556944,0.679174
0.408417,0.459238
0.217544,0.258433
0.478603,0.575152
0.34708,0.373296
0.264452,0.29311
0.593586,0.686399
0.37497,0.56481
0.279839,0.316318
0.512195,0.529847
0.728059,0.732844
0.494553,0.570387
0.470538,0.617535
0.457603,0.504852
0.395131,0.581373
0.608903,0.591304
0.415128,0.565662
0.420111,0.415538
0.830082,0.843465
0.32112,0.305219
0.326934,0.394149
0.485024,0.522174
0.595131,0.583179
0.375605,0.481072
0.453456,0.528745
0.604218,0.672172
0.422789,0.494568
0.458067,0.492341
0.573741,0.569577
0.507511,0.438113
0.307902,0.431174
0.518907,0.583729
0.386178,0.483174
0.416135,0.56351
0.58484,0.696887
0.317916,0.29163
0.473571,0.411334
0.570022,0.549605
0.38963,0.467446
0.28549,0.305164
0.29686,0.485869
0.350718,0.326052
0.406054,0.460192
0.73227,0.706823
0.610724,0.607131
0.635085,0.626311
0.42725,0.45962
0.356815,0.434371
0.545481,0.557982
0.381704,0.431382
0.494025,0.497419
0.698364,0.758332
0.448707,0.473738
0.430867,0.534311
0.661188,0.684755
0.330468,0.36954
0.389872,0.502067
0.447127,0.637466
0.314934,0.347894
0.597806,0.652005
0.478905,0.475912
0.432628,0.506207
0.50374,0.512295
0.532938,0.603216
0.428743,0.377667
0.384678,0.394214
0.326199,0.383623
0.622037,0.717748
0.237106,0.362126
0.513699,0.639403
0.358157,0.450998
0.656823,0.836343
0.561241,0.622775
0.455631,0.56523
0.496847,0.538466
0.488816,0.508653
0.544657,0.512903
0.499275,0.542044
0.375066,0.430649
0.520121,0.609277
0.633942,0.59802
0.387288,0.317776
0.505028,0.559922
0.503503,0.65438
0.489354,0.569071
0.351414,0.449584
0.560228,0.717495
0.590735,0.659655
0.405881,0.547052
0.643841,0.632792
0.436837,0.396125
0.432248,0.395566
0.298256,0.392989
0.357647,0.445234
0.432207,0.432193
0.436706,0.486447
0.671991,0.807769
0.36912,0.408818
0.362503,0.460122
0.401234,0.410316
0.488429,0.539148
0.483398,0.505648
0.608429,0.685946
0.390919,0.454788
0.34499,0.419656
0.611603,0.659042
0.685676,0.852871
0.397124,0.519586
0.543771,0.690262
0.491559,0.513757
0.417371,0.405307
0.696159,0.69123
0.396104,0.445027
0.295713,0.419666
0.317913,0.388312
0.429654,0.428426
0.402628,0.452192
0.48119,0.479902
0.505751,0.531114
0.223469,0.292392
0.244531,0.27493
0.458772,0.498444
0.35811,0.578305
0.672605,0.71681
0.688402,0.664406
0.619841,0.701431
0.450154,0.429776
0.555088,0.649413
0.605193,0.615417
0.462326,0.602627
0.301283,0.428793
0.495369,0.559834
0.381835,0.477907
0.582674,0.672081
0.388723,0.461113
0.530714,0.674754
0.394349,0.538214
0.442094,0.501546
0.487144,0.563163
0.571261,0.66146
0.67741,0.626639
0.41069,0.492707
0.685852,0.768965
0.520061,0.572706
0.353334,0.483894
0.336378,0.395829
0.494489,0.651186
0.336807,0.488716
0.438887,0.539524
0.574166,0.599482
0.473647,0.536486
0.157685,0.205568
0.310459,0.359054
0.520953,0.656315
0.599784,0.648593
0.606891,0.566479
0.420779,0.423355
0.668512,0.602346
0.528452,0.492503
0.48443,0.590969
0.587864,0.710777
0.720954,0.839288
0.378817,0.457147
0.369423,0.443716
0.385838,0.540234
0.742166,0.80391
0.512482,0.633359
0.420752,0.482415
0.527559,0.537967
0.497038,0.466906
0.378499,0.34412
0.474212,0.56814
0.341312,0.418068
0.668877,0.765324
0.481773,0.473168
0.627853,0.664888
0.484966,0.638919
0.485439,0.510936
0.289837,0.382638
0.496634,0.460792
0.524713,0.612439
0.309645,0.382258
0.436592,0.571352
0.515614,0.542423
0.348113,0.47992
0.568887,0.527132
0.220054,0.292711
0.538997,0.468143
0.471536,0.495984
0.551072,0.659377
0.568039,0.687077
0.575781,0.635272
0.371651,0.414069
0.336725,0.302377
0.621231,0.740921
0.369374,0.346374
0.55373,0.690624
0.442844,0.462232
0.675824,0.638899
0.306362,0.432889
0.374311,0.447947
0.343833,0.377586
0.558238,0.648033
0.528591,0.560428
0.520291,0.587929
0.454958,0.559901
0.460916,0.570398
0.516172,0.47952
0.295605,0.375543
0.490255,0.56272
0.225593,0.270158
0.238274,0.318608
0.497981,0.648167
0.449229,0.555714
0.299072,0.399211
0.644339,0.694383
0.385336,0.638803
0.406726,0.555549
0.384749,0.492131
0.561081,0.591745
0.299949,0.30784
0.454079,0.508765
0.483928,0.523487
0.451182,0.485244
0.475661,0.4566
0.39367,0.343833
0.486619,0.576436
0.42424,0.393115
0.435086,0.535351
0.435675,0.502724
0.424543,0.60113
0.434153,0.481986
0.424263,0.486538
0.423451,0.465168
0.385954,0.453661
0.415151,0.481942
0.577466,0.657819
0.676753,0.740258
0.37962,0.441299
0.501099,0.401732
0.682193,0.698298
0.469117,0.572835
0.609018,0.543075
0.51686,0.667566
0.404486,0.414419
0.33309,0.383166
0.665247,0.623895
0.519084,0.543834
0.390198,0.320873
0.568081,0.540303
0.49101,0.579788
0.396911,0.54961
0.48537,0.486562
0.413611,0.469022
0.341755,0.447353
0.430088,0.475837
0.459105,0.528323
0.349796,0.447587
0.503187,0.471429
0.506091,0.469111
0.401705,0.508017
0.45274,0.487071
0.482218,0.556113
0.345601,0.522238
0.532369,0.551967
0.465195,0.45507
0.416067,0.371931
0.406177,0.505879
0.596657,0.505718
0.36196,0.380396
0.661918,0.582044
0.59154,0.693619
0.747344,0.809628
0.468026,0.553204
0.467932,0.511164
0.374597,0.411708
0.4377,0.400425
0.36781,0.363106
0.570067,0.635602
0.398625,0.436144
0.228721,0.200513
0.501504,0.486629
0.536713,0.540013
0.498282,0.541074
0.42009,0.373175
0.72253,0.761696
0.40727,0.524161
0.460778,0.572486
0.35789,0.411414
0.492563,0.50552
0.326081,0.285884
0.461058,0.50878
0.550212,0.551766
0.329949,0.378421
0.631577,0.627688
0.333246,0.385176
0.422145,0.491692
0.584917,0.552945
0.555776,0.596864
0.375152,0.493061
0.571435,0.512109
0.562818,0.462181
0.610524,0.611374
0.54197,0.604462
0.400495,0.504287
0.367514,0.447021
0.431024,0.496319
0.548161,0.666262
0.486197,0.570171
0.58605,0.683055
0.521286,0.569666
0.546661,0.483877
0.660882,0.685317
0.410412,0.487758
0.531843,0.574224
0.502735,0.561262
0.48928,0.485903
0.670077,0.707258
0.509483,0.528207
0.434251,0.422521
0.562552,0.696521
0.548461,0.483217
0.454911,0.52123
0.393833,0.369602
0.532706,0.657621
0.762317,0.769655
0.518179,0.594472
0.528321,0.624278
0.407652,0.375074
0.486131,0.491187
0.513199,0.558663
0.397381,0.586117
0.292257,0.421078
0.600303,0.764214
0.304139,0.368448
0.257032,0.408696
0.364183,0.436543
0.348312,0.474989
0.433855,0.598317
0.6333,0.714438
0.418786,0.497978
0.369438,0.327928
0.304004,0.431974
0.343282,0.428222
0.402951,0.45055
0.391562,0.469263
0.159938,0.320616
0.723543,0.829884
0.456271,0.49059
0.586522,0.625527
0.261646,0.381891
0.422416,0.407271
0.39091,0.418501
0.513914,0.628388
0.499952,0.609298
0.663448,0.766261
0.555902,0.556692
0.328565,0.504364
0.510582,0.486459
0.296713,0.346053
0.632943,0.631472
0.598943,0.578137
0.404184,0.37189
0.524653,0.602016
0.357277,0.394517
0.453309,0.426852
0.152683,0.110829
0.364986,0.374427
0.494354,0.575346
0.288577,0.513645
0.840367,0.782996
0.367979,0.421618
0.425119,0.44988
0.444423,0.59042
0.253757,0.38758
0.483173,0.515477
0.390607,0.433417
0.635491,0.609209
0.475242,0.469136
0.336037,0.366888
0.501525,0.587615
0.495311,0.47484
0.360411,0.41498
0.280644,0.378329
0.497002,0.530019
0.620562,0.763251
0.393469,0.489319
0.479301,0.434549
0.464654,0.476975
0.332303,0.449826
0.357709,0.412873
0.455967,0.475984
0.513531,0.687808
0.453926,0.459897
0.401648,0.423508
0.476872,0.545194
0.390063,0.415542
0.312374,0.376807
0.393789,0.48163
0.471437,0.504266
0.292538,0.50223
0.599077,0.679764
0.429038,0.455122
0.47168,0.522429
0.38355,0.472594
0.280836,0.279706
0.383418,0.505094
0.381499,0.537643
0.591637,0.615683
0.403082,0.430775
0.428669,0.53695
0.357627,0.546096
0.476917,0.687262
0.400611,0.35603
0.392064,0.410502
0.616033,0.692704
0.441507,0.480624
0.62264,0.755814
0.514857,0.603106
0.364556,0.451583
0.405104,0.472001
0.361141,0.465732
0.340859,0.453592
0.623809,0.755962
0.415281,0.45625
0.613681,0.655347
0.382004,0.41119
0.392224,0.379134
0.528804,0.64695
0.342302,0.385929
0.477814,0.403018
0.381063,0.50591
0.652939,0.824457
0.400621,0.486093
0.499455,0.616325
0.607519,0.635149
0.312278,0.428701
0.370368,0.352242
0.672077,0.695859
0.640615,0.702911
0.622118,0.651732
0.416242,0.357399
0.241904,0.394651
0.523499,0.611596
0.534258,0.563836
0.563803,0.576624
0.618603,0.653794
0.385435,0.477161
0.267985,0.430596
0.299688,0.469858
0.620786,0.632377
0.526296,0.562987
0.556017,0.722509
0.428875,0.49119
0.589243,0.675512
0.594595,0.688652
0.343711,0.46151
0.577588,0.654108
0.318881,0.329454
0.664141,0.682062
0.650337,0.615246
0.41368,0.382215
0.394805,0.396452
0.39596,0.425585
0.482129,0.625156
0.242504,0.340095
0.645011,0.684174
0.234471,0.457254
0.344469,0.475155
0.4671,0.476738
0.446008,0.658696
0.398607,0.439116
0.403326,0.369053
0.644709,0.597207
0.205539,0.291312
0.551377,0.573866
0.531098,0.652808
0.344877,0.531295
0.268018,0.430568
0.369238,0.363351
0.390467,0.380999
0.509451,0.605753
0.331098,0.368874
0.443028,0.546739
0.719487,0.722553
0.648866,0.607616
0.627712,0.646913
0.44574,0.599009
0.260442,0.359846
0.487712,0.642492
0.338317,0.498301
0.509245,0.550459
0.655153,0.722426
0.349427,0.379763
0.497312,0.563901
0.389414,0.5494
0.419219,0.458554
0.340438,0.44071
0.443593,0.41394
0.493151,0.46599
0.380191,0.326715
0.540947,0.443171
0.589312,0.56734
0.58546,0.641805
0.477649,0.553728
0.569786,0.535369
0.29109,0.226637
0.756668,0.93558
0.459008,0.417616
0.577757,0.502517
0.194359,0.210359
0.66398,0.674347
0.491968,0.523463
0.208828,0.199559
0.543333,0.579954
0.469,0.517955
0.465791,0.457358
0.231797,0.312549
0.521708,0.492757
0.544157,0.491161
0.631491,0.696153
0.649941,0.667691
0.54795,0.572947
0.313092,0.393613
0.470212,0.538935
0.440672,0.486923
0.529958,0.558721
0.317027,0.351733
0.569267,0.634202
0.706268,0.782472
0.384874,0.448883
0.364689,0.351849
0.42019,0.486277
0.332241,0.399793
0.360529,0.442489
0.658194,0.75163
0.685725,0.71272
0.351228,0.436091
0.710579,0.658919
0.418971,0.489173
0.590477,0.687113
0.665847,0.733985
0.291831,0.383486
0.336171,0.377859
0.592349,0.709225
0.651217,0.60329
0.490193,0.512562
0.560136,0.625545
0.306197,0.374257
0.569652,0.552336
0.525822,0.506053
0.395325,0.523469
0.52164,0.594188
0.356254,0.420085
0.465291,0.598555
0.626992,0.683962
0.57691,0.484451
0.309063,0.358479
0.832614,0.923522
0.452664,0.487422
0.203434,0.243256
0.576588,0.645703
0.409552,0.404265
0.328852,0.514356
0.395539,0.536231
0.39281,0.485622
0.479402,0.634068
0.49163,0.513292
0.248749,0.327417
0.590918,0.537591
0.477237,0.546431
0.194415,0.220112
0.159067,0.271633
0.659588,0.71348
0.80235,0.788579
0.533192,0.606093
0.465053,0.445062
0.4997,0.656336
0.466818,0.502438
0.443864,0.386323
0.436726,0.485586
0.510811,0.619852
0.555952,0.500117
0.58642,0.666935
0.768248,0.799367
0.328542,0.365427
0.656526,0.700399
0.258007,0.273837
0.419962,0.42959
0.497177,0.605069
0.282575,0.404677
0.364885,0.320784
0.370684,0.563739
0.508514,0.647083
0.536041,0.660779
0.578965,0.669658
0.351586,0.421127
0.303122,0.331269
0.472012,0.563491
0.648522,0.762249
0.499177,0.558699
0.387701,0.411659
0.507894,0.61256
0.64127,0.653754
0.493948,0.542113
0.471306,0.602879
0.470339,0.519621
0.36007,0.472205
0.458386,0.503196
0.525444,0.701846
0.552164,0.557944
0.425993,0.630316
0.596965,0.644798
0.403281,0.45835
0.631077,0.726501
0.554203,0.560501
0.627852,0.640426
0.389329,0.398256
0.393347,0.527642
0.521627,0.565668
0.450073,0.45019
0.515768,0.5097
0.401699,0.495185
0.500209,0.500174
0.672095,0.653675
0.688547,0.83309
0.478788,0.528254
0.33975,0.338111
0.428845,0.578511
0.675233,0.725456
0.486922,0.521395
0.568123,0.583722
0.29681,0.450802
0.469307,0.436622
0.571321,0.670141
0.583038,0.648427
0.543791,0.43343
0.457997,0.476653
0.528515,0.535092
0.277018,0.355702
0.410893,0.450966
0.680383,0.684077
0.427179,0.609559
0.418163,0.449169
0.224231,0.263947
0.559356,0.595614
0.358812,0.503264
0.476234,0.536311
0.216124,0.227806
0.532612,0.641711
0.538786,0.508965
0.623502,0.794757
0.671543,0.750649
0.569637,0.715716
0.454957,0.456466
0.527029,0.594665
0.47739,0.539276
0.510779,0.566866
0.321606,0.374075
0.674557,0.793251
0.576114,0.633488
0.656313,0.723257
0.350496,0.44747
0.443847,0.385813
0.609874,0.766218
0.681113,0.841107
0.884941,0.890957
0.411923,0.43617
0.268019,0.361493
0.397332,0.492294
0.469038,0.538879
0.594235,0.585723
0.491836,0.472992
0.322333,0.325493
0.512824,0.620071
0.420748,0.390974
0.683668,0.707096
0.336645,0.363488
0.549241,0.647614
0.529386,0.592836
0.557194,0.679257
0.520503,0.604345
0.413596,0.447864
0.154494,0.183524
0.650697,0.649413
0.503179,0.61039
0.424136,0.397651
0.359421,0.364363
0.509918,0.590787
0.605744,0.595426
0.606256,0.707449
0.466262,0.504412
0.525502,0.532364
0.488863,0.619054
0.340482,0.40785
0.651806,0.586112
0.664144,0.721881
0.677918,0.801877
0.595963,0.642963
0.580029,0.683634
0.415556,0.537179
0.293655,0.344269
0.609788,0.752936
0.467181,0.638394
0.520192,0.705733
0.596246,0.596302
0.394978,0.553257
0.434856,0.502789
0.437529,0.392732
0.517284,0.503503
0.587814,0.592635
0.370486,0.37628
0.40793,0.589208
0.355945,0.486772
0.467643,0.491587
0.217061,0.301261
0.400687,0.406644
0.461851,0.445146
0.318458,0.361068
0.184169,0.238699
0.487153,0.594407
0.440716,0.470798
0.452611,0.49546
0.331261,0.350302
0.551143,0.647793
0.791582,0.881471
0.303402,0.299446
0.603689,0.756145
0.50607,0.660392
0.313479,0.328823
0.443419,0.478336
0.360159,0.415828
0.39178,0.453191
0.367715,0.479417
0.488717,0.536787
0.575098,0.691274
0.547683,0.61426
0.506931,0.664198
0.434614,0.531308
0.467637,0.517132
0.510438,0.611628
0.668667,0.720395
0.468201,0.57392
0.139722,0.167313
0.582504,0.7006
0.468567,0.547352
0.428001,0.467515
0.388363,0.449811
0.646514,0.734674
0.411472,0.579195
0.544585,0.71039
0.450791,0.535496
0.48277,0.608961
0.641044,0.694649
0.411906,0.463041
0.509763,0.53553
0.473895,0.50607
0.572091,0.603943
0.604305,0.560726
0.385279,0.435268
0.463686,0.631892
0.834157,0.897203
0.629805,0.65653
0.499508,0.522648
0.738051,0.744378
0.432157,0.553258
0.469714,0.535192
0.551997,0.629348
0.62656,0.753513
0.26881,0.363146
0.623509,0.667961
0.478444,0.504178
0.240214,0.339803
0.351092,0.471995
0.439943,0.453612
0.263927,0.343485
0.242237,0.304166
0.457498,0.540958
0.563086,0.631173
0.455722,0.420273
0.527621,0.551106
0.401569,0.424771
0.313609,0.471436
0.383464,0.458175
0.420611,0.447762
0.329635,0.301768
0.761435,0.792752
0.513661,0.654689
0.579209,0.527868
0.341413,0.299589
0.337178,0.349049
0.367839,0.42494
0.413295,0.439448
0.582135,0.700399
0.543961,0.610521
0.241392,0.311256
0.628645,0.595329
0.581331,0.644668
0.509325,0.631408
0.51734,0.613563
0.495826,0.457538
0.487232,0.542921
0.4997,0.523319
0.474577,0.4501
0.49784,0.617286
0.302,0.432512
0.433991,0.541573
0.236977,0.347724
0.209528,0.283495
0.186505,0.280545
0.483117,0.430404
0.482193,0.550627
0.351706,0.38256
0.668095,0.712287
0.322966,0.377292
0.629141,0.744597
0.545365,0.7097
0.520302,0.637361
0.758782,0.865564
0.388247,0.463683
0.575418,0.727253
0.602325,0.674034
0.589609,0.595608
0.309585,0.308363
0.187182,0.251035
0.638786,0.6925
0.382159,0.507845
0.582263,0.546328
0.507921,0.538918
0.398857,0.519008
0.413183,0.495215
0.41693,0.382501
0.571563,0.561946
0.741401,0.80644
0.494375,0.57722
0.252034,0.249375
0.403994,0.524626
0.687328,0.818521
0.527438,0.666193
0.507243,0.560453
0.693649,0.722452
0.453187,0.504409
0.66291,0.655598
0.328162,0.381755
0.305766,0.361313
0.36401,0.448776
0.580993,0.567458
0.51325,0.468004
0.075878,0.159097
0.522736,0.643801
0.620402,0.685686
0.542495,0.556204
0.184269,0.227655
0.263843,0.320511
0.382182,0.330159
0.374293,0.544418
0.563073,0.732181
0.639114,0.640604
0.535316,0.555844
0.411989,0.3546
0.432528,0.510863
0.782708,0.728141
0.329381,0.432546
0.541752,0.575331
0.417539,0.533463
0.587819,0.669354
0.505934,0.466409
0.62019,0.656977
0.410661,0.44872
0.35854,0.497404
0.254868,0.358374
0.340605,0.443685
0.286986,0.345737
0.422978,0.353065
0.719149,0.62437
0.376679,0.44276
0.565899,0.623087
0.460029,0.541263
0.416173,0.493722
0.629617,0.727751
0.489931,0.444848
0.377143,0.480578
0.504379,0.57369
0.578947,0.585521
0.417626,0.422594
0.599652,0.674373
0.309666,0.304482
0.717742,0.7162
0.399271,0.454209
0.502269,0.527346
0.414891,0.547498
0.411107,0.384865
0.403637,0.52678
0.622201,0.706414
0.497094,0.485249
0.560315,0.570279
0.458537,0.476467
0.675394,0.693831
0.214992,0.294598
0.580047,0.628253
0.483187,0.531977
0.621419,0.715851
0.404289,0.558619
0.320305,0.407746
0.577844,0.710987
0.60583,0.538674
0.287863,0.296225
0.531411,0.634595
0.630787,0.671502
0.507822,0.597538
0.37235,0.401334
0.637914,0.692297
0.496532,0.619401
0.554926,0.587022
0.590376,0.730747
0.388012,0.446932
0.481296,0.497293
0.274423,0.331573
0.5551,0.617992
0.422757,0.528487
0.356965,0.467148
0.994875,0.962369
0.425188,0.461947
0.561059,0.577405
0.592891,0.65464
0.530157,0.580426
0.706789,0.719471
0.475942,0.512573
0.417987,0.428901
0.171197,0.237311
0.413294,0.432443
0.225756,0.305972
0.417139,0.492924
0.546308,0.566164
0.520775,0.551073
0.485252,0.539213
0.281962,0.379774
0.311269,0.382703
0.559458,0.546866
0.407078,0.412757
0.507091,0.625168
0.336721,0.452414
0.256457,0.261619
0.355735,0.466823
0.525085,0.606503
0.511168,0.553669
0.616777,0.655875
0.349576,0.506367
0.413779,0.394381
0.495175,0.524684
0.381396,0.478588
0.584003,0.631524
0.314092,0.531732
0.256718,0.305063
0.318821,0.376017
0.668048,0.819452
0.337908,0.411289
0.568158,0.649993
0.351964,0.466254
0.488388,0.572107
0.279198,0.368767
0.336311,0.331888
0.451609,0.427614
0.65212,0.685196
0.77357,0.882404
0.622651,0.656554
0.342056,0.449449
0.306776,0.400209
0.553633,0.532604
0.454917,0.529286
0.375639,0.374749
0.729721,0.683825
0.389646,0.429311
0.411022,0.544643
0.558525,0.704557
0.392292,0.474471
0.578887,0.648864
0.394016,0.549831
0.317443,0.43118
0.45608,0.481719
0.547887,0.571143
0.348965,0.425232
0.457342,0.459119
0.390812,0.374244
0.267339,0.361028
0.350193,0.340264
0.567355,0.552441
0.742115,0.814752
0.460081,0.542413
0.47595,0.603628
0.439855,0.548093
0.448437,0.410674
0.33733,0.526411
0.636925,0.827029
0.416498,0.547251
0.558935,0.551747
0.376535,0.424127
0.586705,0.689961
0.509376,0.439903
0.486265,0.60091
0.66825,0.757331
0.407679,0.579088
0.29602,0.425289
0.496536,0.496445
0.456405,0.552972
0.647906,0.768732
0.184805,0.281694
0.304425,0.349973
0.325861,0.398135
0.379126,0.496295
0.577323,0.670961
0.270787,0.307841
0.355403,0.436503
0.287117,0.34628
0.494195,0.433793
0.671069,0.61669
0.520091,0.673976
0.26511,0.391361
0.626407,0.682005
0.261212,0.290635
0.56035,0.515307
0.618081,0.709855
0.308803,0.389629
0.355797,0.479331
0.43937,0.506788
0.737686,0.752413
0.386878,0.45423
0.458613,0.596756
0.35425,0.448896
0.298882,0.304064
0.531573,0.694012
0.516349,0.589444
0.261184,0.30191
0.413751,0.529695
0.331391,0.357855
0.469968,0.391545
0.389977,0.445226
0.426704,0.47382
0.540237,0.620469
0.638313,0.662928
0.600025,0.662931
0.360763,0.382722
0.385225,0.535886
0.735704,0.678916
0.36421,0.464553
0.305004,0.313953
0.480153,0.488838
0.410883,0.34147
0.414312,0.441629
0.378601,0.539903
0.272693,0.361284
0.601415,0.718316
0.452887,0.537705
0.486315,0.514126
0.479031,0.611027
0.33604,0.474829
0.402819,0.520674
0.502195,0.525102
0.560839,0.482854
0.451184,0.506784
0.635574,0.796349
0.425458,0.585622
0.252473,0.301355
0.366889,0.517085
0.289027,0.413932
0.381415,0.392392
0.490964,0.459193
0.432981,0.548335
0.321312,0.434458
0.530179,0.512198
0.50297,0.606407
0.419803,0.434678
0.176413,0.219679
0.485653,0.61626
0.365876,0.467358
0.772045,0.872905
0.280088,0.366719
0.43848,0.456046
0.335395,0.330343
0.463779,0.499152
0.500995,0.647512
0.306488,0.267088
0.489586,0.693069
0.529701,0.646417
0.247414,0.42319
0.642214,0.748569
0.476475,0.507049
0.438805,0.511648
0.456109,0.549292
0.55293,0.586039
0.522402,0.618799
0.514263,0.598157
0.270793,0.457583
0.480087,0.52467
0.380441,0.462041
0.419383,0.430577
0.623018,0.735013
0.394695,0.556409
0.454114,0.584684
0.436024,0.463475
0.428616,0.529648
0.229283,0.300105
0.541399,0.535464
0.394749,0.430533
0.398633,0.453172
0.596812,0.786645
0.39288,0.449489
0.686261,0.764003
0.611357,0.65893
0.631585,0.673748
0.667995,0.692102
0.448426,0.444043
0.40741,0.453811
0.407122,0.510543
0.592193,0.599394
0.424923,0.484902
0.394647,0.414593
0.554572,0.571697
0.579128,0.615072
0.489027,0.431178
0.284667,0.333991
0.642928,0.718771
0.573862,0.631936
0.507427,0.582734
0.452172,0.468161
0.494325,0.541262
0.347732,0.397031
0.429754,0.449703
0.338112,0.557725
0.743839,0.822818
0.668891,0.63755
0.510208,0.638883
0.458468,0.576614
0.542588,0.587873
0.720777,0.765018
0.321971,0.318122
0.598965,0.83416
0.69076,0.816626
0.566822,0.556416
0.642597,0.645894
0.630668,0.71677
0.422937,0.607668
0.620197,0.666079
0.48858,0.570465
0.368966,0.457268
0.536603,0.506173
0.479412,0.577583
0.550951,0.602778
0.347531,0.391594
0.59731,0.549492
0.308045,0.313454
0.409965,0.460815
0.543824,0.631343
0.554021,0.607749
0.513017,0.639649
0.524955,0.604758
0.573657,0.584276
0.587786,0.71348
0.430867,0.476789
0.341923,0.373587
0.377991,0.456147
0.524627,0.693139
0.601094,0.566771
0.487027,0.613414
0.493661,0.523738
0.452461,0.645325
0.62828,0.641792
0.576076,0.659961
0.40201,0.43505
0.269938,0.390713
0.730194,0.719565
0.346963,0.336713
0.594773,0.594255
0.332333,0.393673
0.629639,0.727223
0.278046,0.316229
0.454035,0.52255
0.388096,0.384248
0.458273,0.425402
0.553332,0.61501
0.76926,0.765301
0.519406,0.629364
0.58472,0.617434
0.484441,0.624978
0.49362,0.655952
0.720445,0.717805
0.481304,0.573968
0.65572,0.724961
0.572258,0.688256
0.540387,0.683802
0.546413,0.615982
0.418164,0.43638
0.440602,0.603642
0.512346,0.55325
0.485318,0.553997
0.660265,0.714257
0.581658,0.58389
0.874866,0.817057
0.482056,0.457021
0.644646,0.684629
0.369372,0.372041
0.646328,0.747837
0.501358,0.63266
0.491531,0.6715
0.609011,0.562138
0.334836,0.465661
0.277059,0.290543
0.342126,0.377521
0.33325,0.368643
0.634547,0.619468
0.504609,0.675199
0.521,0.549595
0.634106,0.620521
0.656757,0.660954
0.507582,0.493678
0.486392,0.497706
0.596906,0.62674
0.569542,0.704591
0.477801,0.481971
0.446115,0.575662
0.48109,0.535308
0.427612,0.397563
0.603888,0.720919
0.553181,0.552381
0.217477,0.340736
0.664332,0.690427
0.613712,0.712503
0.597873,0.62189
0.478497,0.492465
0.414922,0.417468
0.406105,0.55651
0.567423,0.52989
0.684231,0.703311
0.520648,0.615669
0.537173,0.510178
0.212038,0.290317
0.452317,0.521018
0.545226,0.583514
0.398816,0.421233
0.379203,0.487977
0.558107,0.540498
0.351551,0.411732
0.301753,0.423673
0.535256,0.649593
0.505173,0.541822
0.336124,0.411993
0.432577,0.518055
0.394882,0.529171
0.38147,0.558288
0.405019,0.407993
0.433488,0.489711
0.335028,0.349284
0.604092,0.654711
0.464852,0.487699
0.452561,0.558757
0.444495,0.575222
0.753227,0.828886
0.563009,0.617118
0.343072,0.321884
0.382314,0.482438
0.531746,0.623313
0.454677,0.534817
0.51447,0.590558
0.461403,0.541046
0.655219,0.809003
0.38323,0.426946
0.437361,0.536056
0.477974,0.538595
0.332097,0.458855
0.668014,0.709314
0.536051,0.615204
0.63051,0.650258
0.539742,0.581551
0.569706,0.601981
0.41687,0.460627
0.536856,0.694177
0.496521,0.625134
0.371328,0.404901
0.832268,0.842498
0.505302,0.608833
0.446405,0.49771
0.388238,0.426165
0.394986,0.53151
0.37836,0.409046
0.346959,0.471083
0.539156,0.629418
0.433726,0.486299
0.440735,0.472858
0.382813,0.336913
0.395661,0.434882
0.263703,0.415484
0.458159,0.54613
0.55904,0.651093
0.429536,0.421777
0.329303,0.428103
0.34605,0.399976
0.542148,0.587951
0.408512,0.401615
0.55334,0.542283
0.661368,0.675182
0.371253,0.544068
0.655792,0.631645
0.295392,0.399261
0.501044,0.512443
0.684194,0.657028
0.54993,0.604809
0.686354,0.671728
0.262942,0.378061
0.433975,0.626501
0.448096,0.602721
0.71024,0.821636
0.326554,0.528883
0.442863,0.427768
0.645221,0.738671
0.492891,0.588607
0.66139,0.660497
0.665621,0.761972
0.370407,0.53279
0.38244,0.441716
0.397083,0.426069
0.646355,0.694212
0.475759,0.510254
0.455852,0.471547
0.341176,0.445682
0.758759,0.88125
0.522313,0.668136
0.516082,0.516974
0.507648,0.588283
0.495579,0.551977
0.393592,0.427839
0.633859,0.700694
0.391456,0.411363
0.529107,0.659738
0.483208,0.604068
0.390588,0.510575
0.421507,0.52942
0.601939,0.701771
0.626396,0.667781
0.635826,0.619812
0.468244,0.394569
0.386572,0.517997
0.423788,0.495674
0.473948,0.479512
0.5081,0.438998
0.5736,0.480676
0.306401,0.337552
0.23068,0.465373
0.546548,0.627164
0.455755,0.553508
0.559292,0.717866
0.621625,0.734386
0.330178,0.392929
0.335917,0.468734
0.65445,0.743115
0.342391,0.40483
0.432307,0.484996
0.454515,0.426267
0.659395,0.768193
0.548591,0.626406
0.392351,0.543085
0.482193,0.651695
0.365792,0.550743
0.192738,0.261137
0.457474,0.534883
0.357675,0.43602
0.717004,0.77364
0.560676,0.565157
0.598208,0.598014
0.519114,0.523781
0.405116,0.411211
0.389904,0.524696
0.634313,0.644066
0.470166,0.562098
0.267071,0.316036
0.350681,0.405647
0.396291,0.428932
0.459007,0.555018
0.524438,0.620454
0.577742,0.551421
0.460674,0.552499
0.652974,0.611547
0.536116,0.720459
0.259403,0.408128
0.717409,0.742578
0.470754,0.428491
0.386614,0.495429
0.485504,0.527405
0.567245,0.57459
0.372397,0.422071
0.450644,0.46084
0.475678,0.517519
0.310483,0.17335
0.498703,0.62521
0.424143,0.426402
0.497645,0.568457
0.440646,0.486394
0.455229,0.406729
0.379642,0.513411
0.536325,0.605313
0.586369,0.553148
0.352675,0.463161
0.589653,0.743221
0.558396,0.665381
0.384737,0.484363
0.410551,0.586416
0.682759,0.637559
0.496331,0.591158
0.765909,0.757505
0.371132,0.4377
0.367243,0.308518
0.571309,0.640404
0.594617,0.601922
0.61426,0.703398
0.482911,0.577854
0.483447,0.456577
0.344241,0.316726
0.250156,0.353482
0.490458,0.713637
0.61023,0.729395
0.436856,0.456641
0.44544,0.477379
0.711603,0.704639
0.533494,0.636899
0.284188,0.40098
0.321613,0.432893
0.375635,0.410254
0.355676,0.40725
0.446007,0.515858
0.431634,0.439395
0.379733,0.443438
0.572657,0.644496
0.334805,0.387218
0.339779,0.500098
0.360499,0.45443
0.461297,0.528693
0.412155,0.506311
0.380137,0.435459
0.81303,0.753056
0.445108,0.376309
0.646786,0.693475
0.621374,0.627109
0.597512,0.738625
0.462466,0.553945
0.377655,0.354698
0.478081,0.527849
0.653018,0.756359
0.502689,0.57161
0.6144,0.662274
0.474141,0.553607
0.594416,0.663592
0.60917,0.626151
0.400075,0.505803
0.427576,0.389264
0.665688,0.698972
0.579897,0.689364
0.340381,0.377294
0.470745,0.507109
0.503681,0.550848
0.448198,0.562124
0.40355,0.528893
0.366908,0.397409
0.493126,0.582809
0.341909,0.403331
0.542503,0.603081
0.569441,0.621451
0.590892,0.693525
0.465487,0.558068
0.202109,0.216385
0.458767,0.459958
0.513879,0.597651
0.690019,0.622294
0.352295,0.383561
0.365138,0.413801
0.609171,0.560639
0.317782,0.294519
0.441987,0.409536
0.365564,0.40799
0.205201,0.215761
0.454901,0.636255
0.564913,0.702276
0.41211,0.509986
0.526183,0.552369
0.432309,0.510062
0.679242,0.702991
0.466753,0.542206
0.39953,0.415617
0.304438,0.413724
0.864588,0.853153
0.510932,0.664292
0.541363,0.691552
0.453138,0.541198
0.410417,0.423142
0.442384,0.572862
0.383964,0.444916
0.398555,0.430529
0.61724,0.583672
0.388724,0.538298
0.41506,0.546466
0.539081,0.582929
0.549168,0.672418
0.412534,0.505836
0.635063,0.669147
0.683654,0.726452
0.416961,0.389935
0.508873,0.535971
0.292021,0.329861
0.321141,0.421033
0.522804,0.591823
0.53197,0.539578
0.402722,0.389775
0.618308,0.730328
0.722624,0.798474
0.431153,0.49643
0.596208,0.5937
0.542094,0.462054
0.519222,0.554236
0.730395,0.677272
0.414225,0.364219
0.597017,0.696963
0.571455,0.690582
0.815421,0.872376
0.361926,0.572217
0.621284,0.633905
0.732919,0.785834
0.48849,0.57784
0.169517,0.273711
0.516758,0.450722
0.521158,0.543005
0.48372,0.605856
0.353427,0.426503
0.383108,0.379382
0.708783,0.683148
0.464591,0.506377
0.531138,0.473336
0.572695,0.610592
0.377183,0.446637
0.455479,0.538629
0.58149,0.619442
0.421302,0.625649
0.402781,0.580183
0.627539,0.644272
0.633986,0.708287
0.525242,0.612244
0.610277,0.714357
0.566559,0.596597
0.593886,0.662563
0.408663,0.469237
0.265624,0.459713
0.24857,0.190457
0.422729,0.465248
0.372032,0.461271
0.553471,0.642851
0.443433,0.541825
0.360559,0.354997
0.640287,0.704954
0.512147,0.592165
0.662484,0.840778
0.457697,0.546894
0.675719,0.804167
0.401158,0.470514
0.515358,0.527239
0.287512,0.366687
0.379888,0.475803
0.513949,0.557845
0.496977,0.56627
0.528263,0.568534
0.618523,0.726312
0.537078,0.522602
0.601676,0.653422
0.493578,0.648009
0.610851,0.655918
0.565181,0.572635
0.492774,0.497413
0.509726,0.561634
0.647434,0.750955
0.576909,0.580359
0.358081,0.466394
0.393522,0.538911
0.351967,0.409755
0.769741,0.819268
0.224855,0.308214
0.29377,0.349533
0.652891,0.781966
0.362616,0.339907
0.303727,0.44707
0.410767,0.431288
0.730196,0.695926
0.478103,0.543106
0.673017,0.740083
0.335098,0.340575
0.640003,0.703399
0.428037,0.514549
0.476566,0.588505
0.502872,0.590818
0.62687,0.709883
0.380661,0.448452
0.402614,0.451425
0.327572,0.354405
0.565892,0.690979
0.405576,0.378331
0.56302,0.676706
0.571051,0.686871
0.538646,0.564183
0.635989,0.688267
0.588063,0.639047
0.437901,0.479935
0.466702,0.551585
0.513803,0.549688
0.308664,0.479234
0.557703,0.574787
0.33038,0.304954
0.385954,0.491988
0.368235,0.464518
0.399401,0.458131
0.615928,0.657506
0.602513,0.609771
0.430014,0.542473
0.405793,0.386712
0.235138,0.329415
0.46892,0.509708
0.277343,0.402647
0.503974,0.542433
0.345646,0.4307
0.487454,0.584635
0.635944,0.609116
0.42819,0.530789
0.445264,0.325373
0.578022,0.498681
0.483572,0.477
0.648868,0.651454
0.394094,0.402852
0.62288,0.727731
0.658873,0.684793
0.414009,0.484913
0.27954,0.385132
0.505336,0.57656
0.280596,0.361249
0.499667,0.467861
0.690885,0.669402
0.58734,0.62579
0.540503,0.599363
0.372092,0.521499
0.415746,0.499041
0.362055,0.430926
0.235564,0.352163
0.484072,0.604657
0.581655,0.713406
0.47002,0.529485
0.624121,0.528853
0.618342,0.612701
0.415237,0.510181
0.416885,0.389326
0.340447,0.340331
0.390395,0.525048
0.478309,0.584529
0.441119,0.542289
0.678336,0.761533
0.477018,0.603562
0.4887,0.503156
0.434681,0.662485
0.666052,0.687838
0.673344,0.710451
0.515313,0.555455
0.565419,0.590255
0.461206,0.564293
0.57621,0.6925
0.433552,0.389277
0.405112,0.522609
0.407356,0.492717
0.450149,0.451341
0.432363,0.474252
0.644376,0.642139
0.552736,0.517066
0.70441,0.751446
0.550509,0.591645
0.527548,0.555443
0.396291,0.445175
0.583377,0.653776
0.466293,0.571952
0.416751,0.540807
0.554919,0.692667
0.361157,0.489448
0.283428,0.354836
0.470478,0.514657
0.474487,0.611465
0.458624,0.440464
0.460358,0.498045
0.722542,0.827712
0.628643,0.753892
0.332735,0.376185
0.374981,0.503609
0.457993,0.548114
0.700094,0.761987
0.711754,0.729875
0.203682,0.275743
0.486133,0.630939
0.297636,0.342844
0.639789,0.643497
0.531223,0.646132
0.498954,0.594149
0.688943,0.756276
0.550031,0.701322
0.389009,0.462137
0.456318,0.537159
0.353927,0.49198
0.741715,0.735654
0.391878,0.451945
0.531504,0.664101
0.450269,0.587075
0.365263,0.406953
0.585778,0.625248
0.351321,0.402826
0.30848,0.33406
0.494792,0.540957
0.585614,0.601128
0.513632,0.626533
0.466485,0.561851
0.230773,0.286533
0.502763,0.4586
0.486971,0.49696
0.561749,0.750926
0.458607,0.529542
0.576685,0.61655
0.36171,0.490557
0.429338,0.602279
0.639798,0.69967
0.318072,0.503248
0.469556,0.606017
0.498237,0.61413
0.419645,0.445086
0.645777,0.632162
0.558145,0.662119
0.508455,0.528216
0.418939,0.627997
0.628185,0.605881
0.523471,0.534363
0.267205,0.385615
0.418626,0.501029
0.531875,0.598757
0.563501,0.522306
0.547994,0.551042
0.28994,0.321851
0.804514,0.874588
0.525879,0.719533
0.408574,0.434996
0.425145,0.464157
0.492484,0.594333
0.435824,0.450137
0.403915,0.339642
0.655558,0.663693
0.392574,0.381104
0.214231,0.204115
0.693282,0.690385
0.431247,0.501514
0.511519,0.569683
0.547212,0.690505
0.469273,0.505195
0.483397,0.476399
0.50028,0.600424
0.222801,0.226782
0.466853,0.583053
0.584992,0.582009
0.342106,0.298864
0.33091,0.495276
0.464997,0.504589
0.646018,0.677078
0.579781,0.572458
0.561339,0.663184
0.437048,0.386071
0.272628,0.402357
0.304576,0.355361
0.288522,0.421685
0.357815,0.345001
0.452567,0.580931
0.257304,0.382598
0.464357,0.496532
0.611038,0.693634
0.500482,0.634435
0.566528,0.719236
0.405306,0.394229
0.254812,0.426127
0.665664,0.572779
0.576325,0.652936
0.444285,0.526228
0.521384,0.567775
0.494566,0.419397
0.248496,0.342963
0.266703,0.346067
0.418391,0.465637
0.529064,0.461523
0.19652,0.379097
0.414718,0.46063
0.518343,0.627518
0.399436,0.461056
0.53911,0.750573
0.301382,0.302431
0.443691,0.599175
0.658662,0.819559
0.535929,0.600538
0.456946,0.630146
0.318964,0.388972
0.285268,0.479156
0.692647,0.731321
0.420331,0.452097
0.431373,0.596854
0.416295,0.376956
0.335592,0.452404
0.480203,0.531149
0.132177,0.261951
0.438499,0.454287
0.246422,0.450018
0.123429,0.15542
0.447131,0.425573
0.324707,0.37678
0.333024,0.284715
0.600785,0.65586
0.418305,0.614242
0.38784,0.428091
0.396394,0.471851
0.555539,0.674826
0.453094,0.505508
0.689901,0.729983
0.167225,0.194182
0.633118,0.685612
0.394619,0.428487
0.58163,0.616249
0.476322,0.553533
0.577503,0.532721
0.220963,0.388027
0.489031,0.557988
0.852202,0.837684
0.620273,0.597753
0.556551,0.618447
0.445039,0.534816
0.35552,0.496727
0.505703,0.637897
0.407544,0.398266
0.415784,0.556809
0.653176,0.710424
0.64142,0.740404
0.57829,0.579186
0.627206,0.566971
0.732423,0.705902
0.484089,0.491508
0.343141,0.417078
0.346911,0.420764
0.522776,0.502303
0.590388,0.629499
0.552729,0.616577
0.545314,0.618853
0.577465,0.676176
0.42287,0.628253
0.518176,0.509249
0.643454,0.599425
0.537818,0.584833
0.508147,0.612657
0.422467,0.46224
0.600268,0.567805
0.375975,0.394953
0.38696,0.524721
0.422565,0.417813
0.374927,0.498724
0.469946,0.510975
0.506011,0.482363
0.468207,0.680626
0.257893,0.330755
0.501974,0.670771
0.428815,0.544516
0.537771,0.607041
0.334912,0.35053
0.285547,0.372022
0.544228,0.635399
0.322564,0.381044
0.342699,0.42294
0.485097,0.519592
0.426535,0.369943
0.625277,0.729946
0.374804,0.413792
0.49014,0.622986
0.647718,0.680575
0.509473,0.543641
0.496844,0.500738
0.508598,0.560621
0.468315,0.528183
0.347133,0.371756
0.41656,0.451859
0.193109,0.210831
0.703885,0.709265
0.548559,0.732577
0.552961,0.626934
0.485182,0.651127
0.488407,0.490793
0.519577,0.557358
0.593428,0.750294
0.303198,0.461923
0.474633,0.57276
0.34622,0.391058
0.554094,0.526681
0.510106,0.526899
0.6675,0.660655
0.466001,0.464099
0.507876,0.486336
0.406385,0.392122
0.458139,0.627385
0.469102,0.49194
0.322496,0.434642
0.323413,0.342215
0.687514,0.733445
0.477114,0.615973
0.438383,0.419978
0.599023,0.54482
0.686499,0.780848
0.451174,0.515256
0.60356,0.725802
0.553894,0.582786
0.380611,0.397218
0.371346,0.396249
0.633102,0.684831
0.391082,0.523532
0.374494,0.403564
0.458193,0.630252
0.415932,0.483767
0.333593,0.494181
0.376482,0.63998
0.431479,0.537985
0.45718,0.594252
0.47652,0.489583
0.672449,0.702584
0.488007,0.516704
0.745483,0.812144
0.545248,0.57356
0.629314,0.681225
0.37113,0.434475
0.486027,0.592014
0.424876,0.417864
0.476148,0.550519
0.383282,0.399978
0.338059,0.319701
0.510027,0.530527
0.453702,0.551118
0.525116,0.49751
0.357885,0.396606
0.409129,0.539859
0.455627,0.604319
0.404994,0.460507
0.629062,0.692237
0.32659,0.352045
0.413876,0.537167
0.601819,0.655133
0.340966,0.305072
0.53635,0.641209
0.656877,0.651636
0.383476,0.522441
0.679301,0.809142
0.362115,0.405811
0.723029,0.824887
0.602207,0.644208
0.424499,0.525804
0.347818,0.342277
0.429337,0.502485
0.359582,0.426394
0.449145,0.550325
0.606506,0.578798
0.700557,0.773178
0.49661,0.51986
0.702278,0.763933
0.539993,0.617105
0.446863,0.544166
0.481093,0.535614
0.426674,0.450719
0.487917,0.484089
0.541956,0.706148
0.487509,0.45386
0.595169,0.642841
0.528438,0.624152
0.221875,0.37722
0.387588,0.479242
0.454316,0.475115
0.48511,0.484118
0.495139,0.447532
0.569615,0.630335
0.498269,0.510038
0.55296,0.553439
0.541089,0.628074
0.44197,0.482338
0.420835,0.519112
0.533091,0.557955
0.652199,0.75557
0.527945,0.599489
0.592562,0.57026
0.510397,0.460782
0.672994,0.761651
0.455777,0.545646
0.19011,0.279103
0.535243,0.55211
0.499431,0.568335
0.459982,0.615741
0.288184,0.295938
0.607213,0.615356
0.309523,0.438933
0.450078,0.503152
0.424128,0.587692
0.38396,0.467205
0.275919,0.344701
0.460527,0.554817
0.385211,0.515003
0.478182,0.507456
0.400656,0.450151
0.568183,0.631949
0.519191,0.573478
0.301341,0.340868
0.440856,0.532503
0.386283,0.382022
0.302627,0.258209
0.620365,0.560787
0.579352,0.606374
0.463532,0.555412
0.486365,0.551261
0.355736,0.446896
0.753051,0.767534
0.60746,0.531731
0.507061,0.550799
0.693078,0.743495
0.379669,0.518925
0.389196,0.442365
0.453296,0.498102
0.413516,0.441163
0.387149,0.453294
0.500827,0.693419
0.696732,0.723746
0.472812,0.635358
0.359854,0.384655
0.708351,0.850324
0.3236,0.37198
0.423041,0.501596
0.567431,0.682548
0.192152,0.297157
0.602383,0.57605
0.58038,0.571583
0.564768,0.645716
0.546278,0.637135
0.504779,0.615203
0.569022,0.549514
0.521843,0.482057
0.700133,0.686757
0.702715,0.736578
0.562971,0.592719
0.265471,0.414849
0.270478,0.335662
0.400353,0.434621
0.340952,0.389533
0.461087,0.522763
0.49612,0.523977
0.474309,0.545664
0.368852,0.517646
0.56568,0.592093
0.602583,0.676773
0.414515,0.507194
0.579183,0.696001
0.497018,0.560563
0.535102,0.512445
0.409523,0.409347
0.44723,0.455196
0.451486,0.499278
0.484556,0.493399
0.580848,0.489097
0.554691,0.739507
0.450735,0.510724
0.234879,0.23069
0.46747,0.619697
0.372405,0.458594
0.494245,0.416912
0.265054,0.367335
0.416146,0.437507
0.441319,0.441364
0.766119,0.808788
0.376172,0.425405
0.430498,0.484981
0.319995,0.353793
0.516183,0.55013
0.545802,0.602034
0.540285,0.491201
0.500434,0.622496
0.786645,0.950461
0.820963,0.86288
0.365338,0.544938
0.184859,0.268469
0.414379,0.572691
0.669398,0.720931
0.40629,0.434593
0.404095,0.51634
0.5587,0.610832
0.257532,0.421382
0.460479,0.657752
0.722487,0.837683
0.430252,0.487855
0.545207,0.60916
0.228422,0.269998
0.547704,0.685869
0.365432,0.392328
0.569634,0.620486
0.484824,0.56375
0.605406,0.648175
0.2955,0.508391
0.280504,0.389303
0.43929,0.506836
0.419258,0.52537
0.539224,0.598063
0.700227,0.687654
0.624561,0.717167
0.387506,0.539836
0.36552,0.47008
0.352786,0.437688
0.711458,0.727771
0.506444,0.533966
0.348725,0.428231
0.590628,0.664786
0.399282,0.430604
0.422558,0.431489
0.381596,0.57078
0.275377,0.341385
0.626129,0.709923
0.32924,0.450035
0.454362,0.450083
0.616855,0.685941
0.723427,0.818848
0.566261,0.609269
0.576527,0.541698
0.665393,0.679155
0.43048,0.603811
0.411058,0.431175
0.358001,0.556427
0.409378,0.477248
0.218587,0.288096
0.462723,0.373079
0.77845,0.775123
0.572162,0.604778
0.426696,0.364423
0.462539,0.52733
0.394393,0.524375
0.38921,0.571343
0.656392,0.791522
0.624898,0.788556
0.426147,0.504976
0.438135,0.557189
0.351537,0.469628
0.394404,0.356416
0.600752,0.624145
0.33935,0.460159
0.353455,0.381098
0.429463,0.374834
0.424037,0.467983
0.407945,0.477243
0.502662,0.601216
0.352508,0.47966
0.378345,0.453898
0.376937,0.416824
0.357163,0.379597
0.517229,0.594825
0.577385,0.611711
0.537998,0.586171
0.485037,0.518098
0.585971,0.65106
0.494919,0.680499
0.596916,0.696055
0.410504,0.424831
0.375378,0.415424
0.549764,0.56045
0.653321,0.830114
0.419707,0.576784
0.514549,0.528859
0.312599,0.34095
0.497194,0.586261
0.582691,0.649208
0.30101,0.42235
0.420948,0.498711
0.430247,0.581815
0.572757,0.678675
0.408951,0.565459
0.633856,0.645325
0.418137,0.530236
0.494728,0.464054
0.405732,0.515956
0.169277,0.336688
0.481454,0.496762
0.472518,0.448736
0.341963,0.42155
0.485277,0.601368
0.341693,0.414148
0.488467,0.548927
0.341004,0.458611
0.564317,0.519142
0.712305,0.732255
0.44798,0.520459
0.596146,0.599935
0.390609,0.540649
0.316172,0.401436
0.184192,0.30488
0.576486,0.637812
0.622775,0.656057
0.516251,0.561675
0.453754,0.649578
0.440228,0.535731
0.329316,0.435658
0.534057,0.422872
0.629658,0.585574
0.313399,0.259169
0.441149,0.54236
0.462485,0.35932
0.5947,0.64724
0.378919,0.454239
0.365838,0.382023
0.376288,0.481723
0.631356,0.795323
0.410211,0.39007
0.251703,0.374676
0.673137,0.759079
0.479421,0.692404
0.731314,0.83239
0.59627,0.679064
0.491791,0.57121
0.3716,0.409123
0.420127,0.594376
0.497358,0.505089
0.60707,0.716366
0.525199,0.518398
0.581525,0.566879
0.595731,0.648768
0.666343,0.74427
0.517266,0.476396
0.462895,0.455018
0.515381,0.700144
0.496471,0.597032
0.136653,0.230398
0.458497,0.604613
0.290193,0.437488
0.531908,0.672807
0.531417,0.616304
0.492011,0.540092
0.511614,0.537386
0.474965,0.56196
0.200053,0.213917
0.431287,0.508778
0.421273,0.456355
0.224657,0.307907
0.379468,0.505063
0.469938,0.519289
0.521343,0.480562
0.24513,0.289452
0.352634,0.395977
0.272807,0.429029
0.691481,0.647097
0.527546,0.684651
0.560796,0.593075
0.474083,0.44895
0.785039,0.792631
0.478195,0.496815
0.574731,0.517998
0.347611,0.524295
0.266772,0.369986
0.505742,0.541187
0.772061,0.889759
0.459386,0.619409
0.377773,0.434176
0.501292,0.505163
0.688133,0.853628
0.40607,0.507245
0.463574,0.487585
0.470339,0.535368
0.16646,0.295041
0.617919,0.644558
0.685398,0.609472
0.55596,0.515891
0.468154,0.569823
0.40446,0.463245
0.364198,0.390836
0.749721,0.906115
0.54736,0.682444
0.713575,0.769409
0.242244,0.31487
0.52331,0.544926
0.497734,0.557586
0.321858,0.314483
0.477749,0.493698
0.61667,0.712007
0.461679,0.575682
0.612996,0.576768
0.168713,0.223282
0.5567,0.641247
0.493053,0.424888
0.420846,0.506434
0.668357,0.785341
0.449266,0.520486
0.549178,0.508865
0.384044,0.449726
0.606035,0.558222
0.555639,0.634358
0.388173,0.384282
0.511477,0.670639
0.535135,0.606521
0.324163,0.561671
0.262022,0.330537
0.425582,0.416685
0.403291,0.470771
0.612899,0.718056
0.588665,0.730075
0.469923,0.499788
0.392537,0.547073
0.425823,0.504476
0.628786,0.747884
0.424585,0.515431
0.65017,0.689028
0.494465,0.62746
0.317867,0.443153
0.517339,0.593644
0.778678,0.810016
0.386174,0.473407
0.603388,0.716266
0.690571,0.67784
0.540463,0.467664
0.355308,0.53076
0.640034,0.703915
0.521717,0.651602
0.425814,0.546146
0.362333,0.523101
0.589159,0.562005
0.38055,0.470517
0.49177,0.483266
0.463641,0.533942
0.476779,0.493841
0.461423,0.626428
0.380733,0.354497
0.363552,0.390387
0.231693,0.395956
0.287483,0.280541
0.612366,0.655497
0.541706,0.57938
0.40781,0.510457
0.496762,0.585923
0.155927,0.108034
0.533955,0.706368
0.486418,0.563255
0.568758,0.583729
0.325893,0.354912
0.681974,0.664224
0.650868,0.751085
0.522231,0.527318
0.81722,0.861029
0.447476,0.446701
0.481941,0.583303
0.368065,0.283885
0.629262,0.654504
0.216967,0.310776
0.585961,0.626809
0.284593,0.46689
0.380927,0.418457
0.622197,0.726867
0.416919,0.415804
0.827599,0.883489
0.350432,0.510125
0.587432,0.728429
0.454114,0.500117
0.578941,0.565575
0.403149,0.367085
0.565791,0.718694
0.620498,0.612491
0.32932,0.379666
0.34572,0.378953
0.356578,0.457167
0.450669,0.601366
0.506824,0.554373
0.390246,0.436893
0.423985,0.471638
0.508124,0.662729
0.148662,0.343471
0.64779,0.702985
0.496158,0.609187
0.300679,0.3209
0.43904,0.509546
0.420177,0.531703
0.739173,0.71014
0.482319,0.517673
0.391161,0.373572
0.516136,0.575585
0.437331,0.392183
0.492185,0.535285
0.370964,0.383264
0.583994,0.622229
0.636983,0.632152
0.659963,0.709011
0.370802,0.440662
0.806742,0.882167
0.376394,0.43995
0.234291,0.329421
0.635385,0.642324
0.306538,0.306171
0.572246,0.564095
0.607511,0.583937
0.249223,0.359803
0.435,0.477874
0.253275,0.380471
0.421712,0.577132
0.565085,0.726942
0.614018,0.701489
0.482165,0.574889
0.642231,0.633388
0.577389,0.676908
0.592942,0.597908
0.488812,0.521442
0.472167,0.388924
0.169738,0.252188
0.510009,0.639611
0.45725,0.690868
0.496974,0.634487
0.624724,0.664369
0.454347,0.418359
0.352996,0.491682
0.404607,0.456009
0.361273,0.453533
0.693576,0.697935
0.373742,0.454781
0.47255,0.476784
0.565775,0.57631
0.577587,0.615077
0.544245,0.618329
0.381247,0.48332
0.277433,0.333742
0.486135,0.526693
0.707434,0.755692
0.300788,0.238891
0.629351,0.666288
0.396833,0.525834
0.339667,0.455726
0.300144,0.494911
0.463415,0.488994
0.330696,0.351015
0.514326,0.51865
0.405889,0.48764
0.408298,0.393262
0.543415,0.465049
0.42422,0.491254
0.572913,0.598725
0.458263,0.527042
0.435194,0.527936
0.448828,0.421093
0.585226,0.701258
0.634173,0.663974
0.350966,0.402703
0.725261,0.800499
0.439568,0.566969
0.324462,0.360718
0.532295,0.574303
0.353856,0.36793
0.520382,0.568856
0.289152,0.415125
0.419871,0.467292
0.528386,0.581115
0.608628,0.658718
0.509693,0.444046
0.632374,0.63197
0.387157,0.440696
0.742875,0.784154
0.651564,0.718873
0.50071,0.560426
0.457095,0.43855
0.462459,0.522097
0.590834,0.721173
0.500977,0.561606
0.477054,0.546527
0.655954,0.731799
0.2744,0.396481
0.575708,0.590061
0.534311,0.627714
0.721203,0.806361
0.439119,0.529875
0.444345,0.431563
0.536294,0.514372
0.425644,0.502858
0.342353,0.550186
0.656603,0.755827
0.606914,0.637834
0.628792,0.671368
0.445165,0.521971
0.637966,0.680063
0.488909,0.600546
0.592327,0.636459
0.621766,0.659005
0.521099,0.476621
0.544414,0.712667
0.583872,0.656253
0.538371,0.583473
0.396629,0.357577
0.491615,0.5049
0.567067,0.668878
0.487289,0.411138
0.679606,0.796133
0.513343,0.582877
0.567885,0.84166
0.418617,0.499815
0.50323,0.5583
0.400595,0.437644
0.37129,0.433329
0.538701,0.587603
0.492377,0.532604
0.507493,0.481768
0.414641,0.492812
0.565812,0.625291
0.807681,0.781266
0.640832,0.618968
0.215066,0.184085
0.637925,0.681073
0.427806,0.383158
0.25983,0.31468
0.67544,0.742565
0.455124,0.502016
0.334719,0.434937
0.524027,0.548392
0.564517,0.669161
0.397939,0.399307
0.585618,0.604324
0.517326,0.489427
0.448644,0.396614
0.590552,0.637765
0.563237,0.678015
0.461127,0.643171
0.468364,0.461314
0.444144,0.642524
0.411241,0.423538
0.336568,0.471767
0.46398,0.498862
0.540185,0.650354
0.651784,0.649394
0.306675,0.400182
0.49505,0.462252
0.335045,0.408083
0.561966,0.565766
0.22662,0.316308
0.283935,0.402212
0.57936,0.571575
0.352905,0.361198
0.364213,0.426019
0.431778,0.412303
0.513854,0.539463
0.698869,0.656393
0.551518,0.636575
0.457518,0.442879
0.297973,0.452681
0.342992,0.543721
0.477991,0.582467
0.788875,0.769021
0.612226,0.613413
0.264306,0.371726
0.524879,0.525909
0.349942,0.531445
0.723108,0.843971
0.45371,0.544455
0.444276,0.464385
0.505811,0.491974
0.391717,0.380953
0.491621,0.56916
0.303214,0.394034
0.800731,0.815246
0.416503,0.587945
0.262644,0.410991
0.390221,0.407044
0.377187,0.488042
0.280609,0.429677
0.609837,0.710748
0.378086,0.47465
0.497945,0.493734
0.326251,0.414021
0.628947,0.702158
0.530134,0.49953
0.37353,0.470345
0.507687,0.547695
0.530635,0.570383
0.436257,0.514859
0.424513,0.487816
0.502268,0.503886
0.40418,0.56733
0.553503,0.665223
0.612467,0.733082
0.446363,0.407165
0.42069,0.40855
0.544382,0.601316
0.317432,0.479325
0.515124,0.590948
0.365097,0.444991
0.51488,0.597577
0.487146,0.555431
0.406578,0.562735
0.354293,0.308458
0.146616,0.267963
0.573873,0.514036
0.447456,0.500158
0.235224,0.28875
0.640748,0.70695
0.441441,0.51633
0.475148,0.546093
0.299949,0.377304
0.412062,0.509993
0.252161,0.235617
0.352526,0.509274
0.643696,0.819786
0.320254,0.463865
0.452319,0.52762
0.107005,0.225725
0.551568,0.476869
0.834885,0.962085
0.325827,0.367739
0.36752,0.46422
0.593625,0.596554
0.63941,0.687244
0.292662,0.309969
0.502897,0.521219
0.330672,0.399374
0.406788,0.588418
0.57074,0.687123
0.634103,0.795792
0.590983,0.702832
0.196564,0.338414
0.592295,0.676396
0.412144,0.429262
0.55743,0.587178
0.506137,0.567015
0.288748,0.42134
0.48391,0.501166
0.73068,0.796607
0.504237,0.520465
0.431097,0.340082
0.414301,0.491176
0.379823,0.451187
0.520108,0.537031
0.225607,0.373887
0.288319,0.434003
0.358049,0.49894
0.581969,0.657052
0.345814,0.377371
0.436883,0.44407
0.128249,0.17407
0.559179,0.633536
0.515707,0.49398
0.318238,0.39949
0.374953,0.413668
0.360484,0.469857
0.552657,0.633899
0.251455,0.334482
0.396919,0.508406
0.360115,0.380728
0.347037,0.525431
0.392292,0.454764
0.457614,0.552286
0.431685,0.36035
0.502137,0.508437
0.347005,0.370202
0.369249,0.398195
0.254813,0.292479
0.481878,0.595717
0.673545,0.752121
0.277601,0.303207
0.33092,0.307038
0.495762,0.591072
0.440584,0.451284
0.337153,0.354818
0.571797,0.633891
0.543157,0.563858
0.563806,0.610163
0.290717,0.383363
0.521627,0.609131
0.35901,0.554128
0.295667,0.260193
0.326948,0.435433
0.421559,0.554531
0.280856,0.299303
0.531694,0.61497
0.377075,0.497631
0.383749,0.469241
0.356485,0.480286
0.623348,0.588772
0.452831,0.428263
0.621496,0.61073
0.485107,0.446262
0.379464,0.353477
0.608466,0.685862
0.586465,0.703337
0.716423,0.753179
0.470938,0.65483
0.475319,0.424962
0.661036,0.654045
0.405189,0.432513
0.412964,0.543387
0.496684,0.516555
0.279863,0.311851
0.450626,0.541862
0.436629,0.461984
0.397894,0.503932
0.390616,0.470254
0.550324,0.522776
0.226003,0.348591
0.39301,0.458184
0.500056,0.448998
0.603625,0.581922
0.603948,0.71585
0.324157,0.406038
0.351066,0.440722
0.241443,0.338256
0.428549,0.549479
0.582729,0.751961
0.248712,0.329601
0.480006,0.472719
0.652633,0.683318
0.316833,0.40899
0.597471,0.660438
0.385517,0.382641
0.731153,0.892163
0.415783,0.374833
0.408009,0.370965
0.449393,0.440389
0.433921,0.530192
0.73627,0.732978
0.265628,0.283992
0.658195,0.662231
0.524717,0.585525
0.392964,0.410307
0.371623,0.439557
0.414459,0.532212
0.644905,0.777447
0.460335,0.423417
0.603897,0.547844
0.380474,0.496519
0.661611,0.754684
0.568484,0.649264
0.245356,0.327253
0.531924,0.507348
0.389818,0.535401
0.420296,0.472468
0.389547,0.469123
0.45947,0.608714
0.533557,0.587141
0.535004,0.626659
0.432277,0.455136
0.520655,0.668018
0.441863,0.582805
0.312132,0.423593
0.586029,0.606091
0.572994,0.611913
0.277355,0.298486
0.35547,0.453282
0.401716,0.365738
0.410449,0.522601
0.7262,0.771465
0.32355,0.328432
0.558184,0.516067
0.57708,0.761846
0.575429,0.583793
0.313834,0.437927
0.38876,0.446588
0.34029,0.4534
0.276385,0.408348
0.42752,0.401647
0.575149,0.64783
0.344319,0.351513
0.565575,0.483175
0.191699,0.213322
0.294164,0.360235
0.365288,0.30504
0.552748,0.535647
0.475719,0.559851
0.307674,0.386637
0.42158,0.551282
0.477223,0.549539
0.536442,0.568844
0.230776,0.353535
0.48997,0.63484
0.492426,0.60279
0.478342,0.642252
0.508024,0.650094
0.462674,0.502934
0.564172,0.605977
0.402172,0.403138
0.687739,0.783651
0.394334,0.461517
0.329254,0.468994
0.417101,0.374091
0.35772,0.350221
0.568682,0.739993
0.400801,0.448856
0.44957,0.456994
0.34627,0.382786
0.456687,0.527351
0.64155,0.595237
0.428395,0.499628
0.619515,0.620524
0.369406,0.57929
0.562769,0.711416
0.467992,0.555706
0.483881,0.614987
0.443534,0.553963
0.37895,0.314202
0.177213,0.368343
0.357914,0.510572
0.526759,0.629291
0.70096,0.784599
0.457846,0.54081
0.550273,0.572684
0.312461,0.428846
0.494288,0.559337
0.348395,0.395469
0.602407,0.670469
0.343315,0.420734
0.529282,0.528221
0.49345,0.562211
0.336047,0.416694
0.526408,0.618506
0.546764,0.687713
0.456951,0.549264
0.524248,0.641395
0.379555,0.513417
0.340457,0.37773
0.588515,0.68142
0.41829,0.480803
0.23355,0.416413
0.345233,0.546383
0.350253,0.413878
0.664027,0.73129
0.350961,0.447983
0.512531,0.577683
0.425778,0.508581
0.671393,0.8241
0.35881,0.415696
0.218068,0.344652
0.620769,0.738867
0.230656,0.207514
0.395167,0.409987
0.48312,0.619873
0.845069,0.881712
0.620191,0.689683
0.720497,0.798514
0.310633,0.447119
0.400426,0.41458
0.343614,0.536033
0.740168,0.774749
0.295595,0.407015
0.420062,0.497886
0.43428,0.535431
0.400708,0.481374
0.320513,0.300401
0.444288,0.546776
0.320076,0.38065
0.360094,0.441277
0.483561,0.608807
0.459508,0.423533
0.587795,0.638007
0.443119,0.433279
0.463413,0.481236
0.819672,0.715951
0.574056,0.586121
0.500572,0.589243
0.4335,0.476871
0.495309,0.460097
0.629059,0.625114
0.247856,0.353219
0.494444,0.58813
0.459597,0.539304
0.480882,0.675337
0.304274,0.269904
0.447257,0.492538
0.626476,0.683516
0.505571,0.52851
0.674657,0.752174
0.212411,0.295919
0.437065,0.513108
0.495308,0.522797
0.340998,0.491089
0.24262,0.296006
0.416991,0.524001
0.539213,0.609882
0.540933,0.654561
0.450887,0.547799
0.41651,0.549097
0.637643,0.736726
0.452948,0.284909
0.605388,0.60512
0.255855,0.349704
0.610574,0.61539
0.549166,0.58697
0.561293,0.54625
0.419431,0.506664
0.671374,0.751449
0.400351,0.538131
0.388804,0.500877
0.530071,0.619071
0.316379,0.320659
0.425334,0.479299
0.336885,0.334659
0.522117,0.528276
0.334574,0.290295
0.442838,0.494062
0.497155,0.455013
0.589282,0.773492
0.529936,0.665967
0.493155,0.458464
0.544151,0.634054
0.263808,0.345968
0.519125,0.592402
0.395601,0.35925
0.388579,0.337218
0.326459,0.411177
0.392675,0.39272
0.401615,0.508468
0.464874,0.658996
0.516376,0.640123
0.551706,0.606526
0.528937,0.612337
0.34061,0.458965
0.461758,0.556715
0.388276,0.489902
0.515354,0.493877
0.66236,0.741647
0.731634,0.82209
0.375065,0.383095
0.372128,0.485512
0.376408,0.454456
0.491182,0.695186
0.608723,0.692156
0.507223,0.45875
0.607539,0.647238
0.513611,0.631276
0.332467,0.363848
0.493551,0.567132
0.732591,0.711431
0.538173,0.639832
0.305377,0.537301
0.409208,0.456302
0.447687,0.431499
0.560913,0.711926
0.601478,0.668481
0.561647,0.61106
0.39216,0.439573
0.513328,0.638556
0.454051,0.572805
0.575929,0.63133
0.285759,0.431438
0.294033,0.360459
0.300164,0.326839
0.506983,0.627577
0.461515,0.618552
0.49879,0.481273
0.511088,0.614308
0.689328,0.747671
0.161377,0.263932
0.481284,0.558727
0.405555,0.592602
0.612376,0.608504
0.491605,0.616087
0.560721,0.642373
0.647891,0.75745
0.496075,0.628428
0.314992,0.408507
0.488617,0.643724
0.588392,0.604874
0.522734,0.618737
0.461533,0.528823
0.393077,0.391436
0.546525,0.601552
0.250725,0.290063
0.304121,0.348569
0.430414,0.633254
0.451035,0.468677
0.288853,0.391209
0.478757,0.503014
0.442913,0.578965
0.276439,0.279257
0.575171,0.641329
0.54009,0.579584
0.384279,0.477256
0.494086,0.46655
0.594995,0.768282
0.40578,0.516689
0.445246,0.5715
0.406896,0.585458
0.455084,0.504053
0.600873,0.565473
0.45803,0.577284
0.449612,0.413106
0.744571,0.902579
0.303986,0.272589
0.516358,0.673569
0.436414,0.466757
0.411571,0.342094
0.494101,0.570332
0.33028,0.577394
0.461658,0.61741
0.320548,0.362084
0.437544,0.502155
0.612016,0.541903
0.335284,0.425096
0.488031,0.641163
0.1697,0.335631
0.51327,0.474627
0.509268,0.5898
0.376636,0.517822
0.531121,0.503943
0.498011,0.574959
0.496959,0.543151
0.46597,0.478059
0.496765,0.51533
0.465429,0.432051
0.445305,0.567239
0.223792,0.285835
0.407846,0.478813
0.411135,0.557364
0.425906,0.326572
0.389515,0.447206
0.338138,0.396602
0.354097,0.406004
0.407558,0.502854
0.592234,0.693907
0.296044,0.471862
0.4409,0.495278
0.378197,0.467031
0.408644,0.488133
0.325714,0.362162
0.564553,0.548659
0.426099,0.469976
0.288606,0.417977
0.360142,0.414001
0.417308,0.511639
0.614355,0.643024
0.383321,0.410146
0.352498,0.473362
0.476693,0.616233
0.25742,0.438218
0.392661,0.495969
0.420184,0.535236
0.495465,0.513667
0.394792,0.449333
0.555065,0.567399
0.321974,0.464191
0.569647,0.606215
0.287151,0.389521
0.499381,0.56939
0.600226,0.600846
0.419276,0.407285
0.320796,0.347347
0.411748,0.41711
0.329149,0.348491
0.578028,0.580427
0.749697,0.849631
0.3654,0.455563
0.403044,0.543836
0.629875,0.686707
0.209759,0.230407
0.390621,0.480598
0.569234,0.513163
0.360509,0.460852
0.575459,0.688307
0.171063,0.274958
0.64925,0.743907
0.606112,0.680235
0.390674,0.299314
0.699463,0.664364
0.667566,0.643871
0.432706,0.42049
0.369022,0.370699
0.458318,0.56749
0.463426,0.625099
0.390746,0.373165
0.355949,0.396572
0.417866,0.366967
0.404001,0.443684
0.446797,0.556199
0.4181,0.375593
0.380057,0.445148
0.378495,0.397752
0.473049,0.588516
0.649043,0.701746
0.5288,0.630567
0.560945,0.634136
0.490602,0.482604
0.474734,0.443976
0.44641,0.521703
0.343675,0.446002
0.454409,0.567238
0.304123,0.436396
0.395401,0.364017
0.328452,0.486468
0.475266,0.425392
0.435658,0.544378
0.689004,0.77021
0.421372,0.559557
0.641142,0.561831
0.499937,0.552169
0.498616,0.479642
0.431718,0.443634
0.542029,0.576554
0.654855,0.694487
0.628655,0.676408
0.41432,0.390626
0.380931,0.327284
0.336518,0.294599
0.531414,0.657291
0.54284,0.554239
0.355105,0.556427
0.401361,0.397276
0.435255,0.515657
0.570645,0.695641
0.612164,0.687605
0.375583,0.491518
0.536969,0.59614
0.364921,0.431246
0.475824,0.609112
0.48468,0.649064
0.502879,0.653347
0.439251,0.388935
0.497258,0.547793
0.541265,0.604919
0.471198,0.520346
0.380168,0.435816
0.631269,0.776606
0.701512,0.679082
0.465597,0.618936
0.426382,0.444627
0.653431,0.670095
0.401206,0.411702
0.587177,0.566146
0.339406,0.504509
0.258489,0.364883
0.220536,0.34918
0.376624,0.493431
0.332943,0.330722
0.275608,0.39415
0.575956,0.577277
0.582161,0.632482
0.456405,0.574115
0.381436,0.496164
0.620226,0.727944
0.4576,0.470512
0.280607,0.401031
0.498364,0.561461
0.460786,0.471225
0.6305,0.632927
0.217941,0.306496
0.451826,0.464961
0.27814,0.395522
0.270909,0.344953
0.551792,0.710781
0.52964,0.588516
0.518801,0.594132
0.417029,0.461486
0.3948,0.537131
0.347531,0.474885
0.391777,0.446423
0.576809,0.595365
0.518649,0.576167
0.67641,0.645376
0.46252,0.427422
0.271052,0.318188
0.391566,0.509055
0.478825,0.411478
0.396979,0.473884
0.272806,0.266396
0.294991,0.312884
0.582923,0.799018
0.570626,0.593659
0.541499,0.604329
0.522628,0.566024
0.458458,0.49866
0.469612,0.496069
0.668243,0.731294
0.304044,0.422051
0.406275,0.534464
0.669099,0.717908
0.629655,0.783321
0.70989,0.656303
0.54185,0.45205
0.555119,0.547124
0.495287,0.533829
0.531243,0.470115
0.528079,0.544414
0.42633,0.514262
0.455437,0.637811
0.481004,0.525882
0.51701,0.628902
0.337801,0.455534
0.675043,0.585971
0.469774,0.473455
0.716235,0.776315
0.28738,0.439442
0.460518,0.586935
0.434639,0.451083
0.355795,0.462004
0.466998,0.471184
0.520259,0.64123
0.527335,0.630814
0.383979,0.320149
0.56677,0.667149
0.342627,0.352092
0.516707,0.668333
0.567726,0.574041
0.400409,0.56467
0.464659,0.508178
0.277419,0.439844
0.246258,0.355026
0.466498,0.574469
0.240989,0.294945
0.363872,0.516756
0.725351,0.809396
0.392129,0.429117
0.301788,0.31278
0.501532,0.557654
0.22019,0.304239
0.457061,0.614464
0.303814,0.365556
0.308175,0.461998
0.497905,0.491751
0.262874,0.199175
0.363866,0.476402
0.442394,0.614143
0.265087,0.403243
0.443077,0.401855
0.462427,0.498976
0.644106,0.711492
0.358154,0.359059
0.597406,0.696747
0.369578,0.503486
0.411026,0.536624
0.323902,0.382707
0.574207,0.535968
0.364842,0.535845
0.562904,0.58754
0.388116,0.572902
0.530808,0.536701
0.590542,0.567721
0.350498,0.276416
0.413006,0.573755
0.215452,0.3458
0.416536,0.489734
0.417502,0.461039
0.631775,0.709114
0.375006,0.38133
0.697616,0.799569
0.30816,0.348953
0.523904,0.483551
0.453726,0.592297
0.470708,0.451217
0.597154,0.688198
0.433935,0.517463
0.465024,0.544442
0.375209,0.452588
0.488337,0.625726
0.485214,0.638277
0.417543,0.465112
0.285132,0.451607
0.51155,0.584905
0.342033,0.459782
0.400584,0.558278
0.584647,0.658779
0.374129,0.427133
0.394083,0.475561
0.453706,0.578456
0.58071,0.717671
0.696475,0.667091
0.095837,0.24616
0.530865,0.655338
0.462581,0.452716
0.447592,0.594011
0.437678,0.412919
0.403086,0.475427
0.405504,0.465925
0.466546,0.634076
0.450506,0.562178
0.337448,0.401141
0.515811,0.574182
0.294033,0.362805
0.470613,0.438414
0.655416,0.745334
0.501805,0.560424
0.379934,0.508487
0.587798,0.681419
0.30413,0.441147
0.740911,0.780007
0.582332,0.590522
0.441891,0.448689
0.524953,0.614052
0.442471,0.680144
0.437483,0.556792
0.387835,0.465536
0.296003,0.368746
0.439842,0.495493
0.730501,0.757457
0.534669,0.611924
0.522996,0.639939
0.291923,0.445068
0.396429,0.485947
0.321141,0.36986
0.326216,0.295204
0.242878,0.264455
0.217538,0.237908
0.475778,0.53219
0.533876,0.716365
0.88064,0.863326
0.387522,0.368387
0.511204,0.503781
0.592934,0.648193
0.572593,0.550022
0.581419,0.542184
0.48071,0.486704
0.392777,0.434974
0.255988,0.278608
0.46961,0.51504
0.468062,0.556098
0.720188,0.787487
0.495284,0.519397
0.640132,0.646365
0.457973,0.526282
0.17191,0.220129
0.697289,0.726884
0.244704,0.343422
0.413136,0.37044
0.347857,0.239098
0.327961,0.453672
0.487237,0.567116
0.41029,0.421872
0.489949,0.657231
0.358086,0.521783
0.581986,0.683952
0.36578,0.436255
0.588883,0.580927
0.238982,0.24936
0.45737,0.491557
0.665557,0.707549
0.614687,0.68177
0.466472,0.512931
0.720687,0.846459
0.505377,0.614974
0.409415,0.582466
0.688057,0.72245
0.598733,0.700451
0.302997,0.491992
0.416152,0.55471
0.480057,0.548948
0.51184,0.644276
0.223924,0.243884
0.73717,0.811925
0.419319,0.427251
0.478467,0.493399
0.597818,0.614343
0.626362,0.644718
0.354079,0.353255
0.480813,0.517881
0.341645,0.453002
0.509469,0.479567
0.501932,0.484778
0.526653,0.49055
0.435285,0.43637
0.427646,0.482753
0.489001,0.58129
0.472536,0.564375
0.509834,0.566732
0.65543,0.70049
0.444893,0.628181
0.465525,0.506989
0.531191,0.517646
0.448284,0.54036
0.667889,0.66401
0.697398,0.866719
0.511672,0.600612
0.384197,0.507456
0.455345,0.644967
0.592725,0.599598
0.299319,0.344451
0.557351,0.638757
0.235216,0.418561
0.649976,0.68234
0.376422,0.472971
0.508306,0.697334
0.341245,0.401204
0.621486,0.716121
0.355408,0.513748
0.467284,0.623193
0.54176,0.620057
0.341452,0.417527
0.547024,0.604998
0.544304,0.646125
0.294492,0.324172
0.721087,0.624951
0.744438,0.740901
0.477329,0.542203
0.408218,0.469254
0.41555,0.415526
0.642789,0.674573
0.546026,0.58884
0.457523,0.46818
0.525064,0.611536
0.524033,0.598412
0.485095,0.521544
0.521596,0.558506
0.522158,0.499032
0.538198,0.561327
0.705164,0.674187
0.404648,0.567081
0.726703,0.663714
0.620535,0.727172
0.517279,0.6627
0.312803,0.449886
0.395939,0.515466
0.51651,0.520538
0.642836,0.679873
0.456966,0.597122
0.445428,0.555359
0.57332,0.639956
0.483935,0.550181
0.273963,0.367689
0.432007,0.461181
0.449303,0.537358
0.485324,0.578653
0.451652,0.496352
0.474899,0.588331
0.256231,0.245879
0.574395,0.516795
0.347379,0.359789
0.433725,0.531389
0.345788,0.393217
0.105087,0.138464
0.38751,0.463829
0.497706,0.627493
0.522897,0.489235
0.565854,0.670257
0.40407,0.403985
0.374022,0.491468
0.395552,0.419641
0.533127,0.647855
0.672536,0.743988
0.411207,0.450367
0.520661,0.562346
0.509371,0.498431
0.575099,0.666899
0.461907,0.411961
0.390915,0.502792
0.357147,0.451446
0.260951,0.408219
0.654867,0.668631
0.428255,0.468986
0.327352,0.390741
0.241581,0.257891
0.512352,0.489417
0.524953,0.567441
0.468914,0.465929
0.535878,0.642643
0.481641,0.516043
0.344489,0.312662
0.658296,0.722647
0.48063,0.5245
0.393691,0.568409
0.325656,0.38205
0.536749,0.576749
0.62396,0.628607
0.420454,0.445512
0.471613,0.589778
0.351536,0.455069
0.419309,0.451416
0.476206,0.492637
0.623176,0.716963
0.481333,0.662084
0.649232,0.655551
0.397208,0.404927
0.562109,0.553886
0.682863,0.679586
0.379963,0.430543
0.334694,0.407898
0.614452,0.662468
0.687688,0.647448
0.640806,0.604736
0.473082,0.449743
0.621504,0.607143
0.563474,0.581225
0.377411,0.435257
0.599227,0.705412
0.332789,0.373183
0.253865,0.269282
0.516618,0.595035
0.393191,0.441486
0.232755,0.345025
0.408933,0.545621
0.161082,0.355114
0.554678,0.63156
0.458582,0.487127
0.431432,0.438
0.444808,0.488871
0.345058,0.366399
0.527906,0.578253
0.647666,0.738269
0.483006,0.503303
0.534034,0.546011
0.413162,0.519893
0.611892,0.775304
0.571846,0.614906
0.49492,0.461257
0.436687,0.54197
0.200343,0.317824
0.345012,0.461969
0.569267,0.688408
0.49553,0.700499
0.488981,0.582283
0.549478,0.667544
0.691883,0.685673
0.373187,0.432628
0.344071,0.43343
0.46173,0.48802
0.631669,0.802674
0.514546,0.464924
0.540073,0.608485
0.375542,0.420893
0.402571,0.548814
0.391886,0.549759
0.466988,0.582151
0.708184,0.717553
0.495441,0.690197
0.604713,0.643138
0.542732,0.514853
0.648673,0.691524
0.487744,0.533206
0.527415,0.682468
0.574013,0.579225
0.361542,0.27029
0.571245,0.599406
0.455315,0.430622
0.516173,0.496704
0.536212,0.658194
0.650208,0.738758
0.384685,0.412573
0.483898,0.438593
0.400933,0.437474
0.578652,0.597989
0.667744,0.73414
0.513149,0.654777
0.387993,0.491936
0.499609,0.671987
0.311057,0.413582
0.605342,0.57676
0.368544,0.457039
0.49483,0.565452
0.457886,0.611285
0.589162,0.660887
0.621489,0.639794
0.245048,0.454211
0.447283,0.644777
0.610206,0.68562
0.305507,0.428441
0.556991,0.640657
0.331348,0.417599
0.602982,0.569602
0.403856,0.531234
0.467032,0.591071
0.41196,0.470558
0.474156,0.453145
0.540901,0.613277
0.341829,0.485989
0.658609,0.75073
0.380188,0.370781
0.446362,0.543108
0.608208,0.594815
0.476213,0.565661
0.343881,0.445817
0.55086,0.517164
0.326761,0.326639
0.601973,0.634997
0.572213,0.596325
0.367927,0.384772
0.568356,0.650259
0.494623,0.528543
0.466081,0.666374
0.31195,0.47603
0.451694,0.532074
0.509814,0.559112
0.634512,0.698251
0.423638,0.473133
0.559132,0.673998
0.576414,0.552599
0.416065,0.509377
0.362836,0.333154
0.428341,0.521013
0.446583,0.579982
0.582418,0.679702
0.354218,0.404033
0.138802,0.259108
0.385389,0.367585
0.398864,0.445187
0.219498,0.256283
0.391949,0.443798
0.685652,0.69964
0.343413,0.372697
0.578888,0.569926
0.608682,0.671192
0.583967,0.528278
0.300885,0.377389
0.532612,0.579989
0.57999,0.694598
0.594739,0.654114
0.653954,0.705133
0.515994,0.523503
0.611459,0.689378
0.486625,0.641141
0.303576,0.340355
0.296314,0.319029
0.433727,0.532613
0.466235,0.571909
0.529982,0.603816
0.500418,0.659496
0.621282,0.547361
0.565767,0.593541
0.327111,0.241568
0.205443,0.351018
0.57213,0.532325
0.550037,0.603164
0.436352,0.631263
0.62325,0.646461
0.491153,0.592947
0.579097,0.549885
0.703113,0.673955
0.415027,0.495848
0.426016,0.561617
0.455302,0.638123
0.298152,0.391913
0.499878,0.43014
0.423742,0.497763
0.582893,0.622216
0.41072,0.466988
0.509186,0.59016
0.580712,0.662592
0.489738,0.673325
0.525212,0.493325
0.346424,0.393228
0.400633,0.352339
0.348892,0.353754
0.496518,0.589034
0.351518,0.430367
0.300658,0.2952
0.347051,0.475751
0.506643,0.615776
0.240422,0.209879
0.370271,0.412767
0.651574,0.648094
0.428968,0.488037
0.746996,0.769266
0.27853,0.45251
0.436409,0.511368
0.411978,0.400112
0.505948,0.480475
0.315446,0.369409
0.460808,0.516312
0.517693,0.430536
0.569668,0.510302
0.497121,0.631939
0.459527,0.592082
0.474391,0.667323
0.557896,0.517073
0.435014,0.555147
0.411496,0.432817
0.531567,0.433176
0.47579,0.554844
0.648064,0.663887
0.536291,0.636925
0.189849,0.331139
0.462401,0.561453
0.515783,0.536507
0.570001,0.536697
0.615428,0.708436
0.443456,0.46197
0.494067,0.597373
0.535461,0.607696
0.705397,0.779802
0.409239,0.564766
0.337185,0.48019
0.417995,0.452214
0.468969,0.59376
0.32348,0.383282
0.31403,0.363877
0.509474,0.548721
0.545077,0.62764
0.298249,0.391037
0.510096,0.487157
0.606684,0.619834
0.556224,0.703753
0.44246,0.476382
0.264061,0.290462
0.602286,0.589785
0.393766,0.483071
0.149666,0.250986
0.301155,0.363153
0.504908,0.639662
0.514802,0.481722
0.576803,0.572019
0.342141,0.435088
0.614164,0.644038
0.47532,0.522177
0.550798,0.556287
0.367939,0.392532
0.466504,0.61627
0.516234,0.667131
0.524677,0.569754
0.654224,0.727186
0.374961,0.546522
0.652632,0.739997
0.595949,0.733528
0.396821,0.322883
0.498798,0.574309
0.546906,0.602319
0.790494,0.735055
0.435966,0.521583
0.360482,0.468107
0.635101,0.669754
0.404871,0.474923
0.717469,0.85337
0.547659,0.583264
0.344545,0.513468
0.496995,0.596603
0.499983,0.471798
0.393701,0.480796
0.525924,0.516217
0.51762,0.536734
0.342383,0.489892
0.495343,0.58883
0.602791,0.592064
0.539632,0.590897
0.485545,0.477869
0.472017,0.490877
0.514265,0.535538
0.253969,0.394369
0.51805,0.467128
0.484366,0.528515
0.749125,0.750056
0.224186,0.329932
0.517706,0.519728
0.479799,0.456795
0.432702,0.347632
0.465408,0.508004
0.639434,0.604681
0.380076,0.329303
0.493743,0.562704
0.491964,0.565156
0.32338,0.413002
0.609457,0.647267
0.39743,0.502644
0.547046,0.702863
0.503845,0.498708
0.623743,0.681128
0.540596,0.506074
0.558996,0.693946
0.455158,0.528615
0.598182,0.676869
0.560341,0.561247
0.466234,0.457745
0.662202,0.69105
0.586721,0.613695
0.308878,0.271883
0.528869,0.599374
0.602017,0.672384
0.678877,0.673074
0.581624,0.605274
0.297486,0.346595
0.489391,0.479921
0.591305,0.620622
0.504392,0.637467
0.312778,0.438362
0.446086,0.40206
0.54089,0.574433
0.45604,0.574759
0.390274,0.429453
0.456221,0.617648
0.24842,0.378739
0.462975,0.546184
0.404158,0.533926
0.373285,0.409666
0.393599,0.488759
0.497,0.58982
0.486351,0.534014
0.585194,0.736751
0.613899,0.636228
0.471945,0.46842
0.33047,0.489608
0.78201,0.805949
0.573196,0.719086
0.604947,0.619673
0.244879,0.204454
0.363907,0.476613
0.587596,0.741988
0.393346,0.505
0.613326,0.67963
0.623574,0.654695
0.272273,0.336718
0.316823,0.427654
0.667104,0.603583
0.881075,0.942335
0.713782,0.765912
0.630336,0.66226
0.335775,0.403678
0.410856,0.466285
0.385596,0.462245
0.320095,0.360163
0.613694,0.624196
0.61164,0.719786
0.646312,0.631692
0.38773,0.493636
0.573,0.642837
0.541236,0.682692
0.43771,0.585178
0.318271,0.358408
0.417845,0.535381
0.429498,0.530969
0.564727,0.674261
0.496887,0.627636
0.466392,0.584545
0.415043,0.490097
0.501713,0.499572
0.461084,0.593232
0.680668,0.736326
0.555197,0.6713
0.601183,0.615078
0.501569,0.478393
0.471857,0.508887
0.365873,0.377479
0.291164,0.408492
0.242658,0.36132
0.419187,0.409935
0.5719,0.806893
0.557676,0.568087
0.633801,0.770299
0.331338,0.392882
0.344437,0.472672
0.348818,0.414889
0.368548,0.390207
0.405688,0.505791
0.577505,0.681391
0.579933,0.674851
0.40146,0.475167
0.132295,0.290081
0.506399,0.529025
0.427914,0.50864
0.657552,0.687467
0.446754,0.454976
0.391095,0.323852
0.527589,0.567963
0.579285,0.59799
0.326395,0.500185
0.686831,0.60553
0.436548,0.454619
0.421102,0.459431
0.212071,0.366308
0.383694,0.375523
0.315263,0.484577
0.470155,0.573467
0.572084,0.507482
0.329202,0.431298
0.340176,0.420911
0.340396,0.409834
0.409872,0.561961
0.416782,0.427657
0.580584,0.68456
0.505005,0.667216
0.302088,0.418444
0.340085,0.369594
0.571229,0.555505
0.677644,0.78273
0.390868,0.377228
0.413181,0.480075
0.71208,0.77078
0.265647,0.292066
0.428751,0.399534
0.338473,0.488314
0.422975,0.414279
0.291085,0.397717
0.640943,0.751634
0.456414,0.48808
0.479274,0.44384
0.628223,0.605383
0.371372,0.315656
0.33323,0.413469
0.598889,0.706581
0.338123,0.474343
0.367305,0.412832
0.536456,0.71036
0.427139,0.516592
0.552347,0.634239
0.535922,0.599017
0.396999,0.479654
0.347649,0.567841
0.730815,0.684525
0.370461,0.463
0.520386,0.681213
0.431456,0.55851
0.32634,0.419105
0.29031,0.314147
0.460977,0.544855
0.552941,0.651079
0.419546,0.468532
0.603152,0.665621
0.394166,0.44072
0.218457,0.262206
0.443542,0.547406
0.698331,0.765734
0.464591,0.532832
0.411642,0.598329
0.618026,0.756113
0.397654,0.473301
0.459435,0.54969
0.631446,0.679509
0.420335,0.512046
0.437291,0.438892
0.496763,0.599772
0.645416,0.593694
0.469774,0.667357
0.403139,0.498359
0.272551,0.458413
0.630628,0.603474
0.364608,0.387221
0.417642,0.406295
0.47672,0.472466
0.646992,0.591034
0.127929,0.172567
0.619718,0.666233
0.687134,0.730011
0.505185,0.573844
0.69658,0.727956
0.496255,0.56634
0.345136,0.438384
0.297013,0.292885
0.2999,0.328776
0.37277,0.412066
0.466342,0.55944
0.675812,0.622123
0.537091,0.550933
0.410084,0.489564
0.612676,0.73174
0.460098,0.565672
0.628277,0.66583
0.587322,0.678605
0.435723,0.49827
0.294745,0.371928
0.559894,0.631342
0.642401,0.640078
0.548136,0.551117
0.422409,0.476709
0.214933,0.335365
0.387353,0.360336
0.506817,0.589
0.354687,0.46465
0.524909,0.465686
0.352595,0.475222
0.448381,0.548347
0.401878,0.501552
0.472235,0.561485
0.539622,0.555633
0.662026,0.691239
0.491764,0.696686
0.516691,0.544884
0.570418,0.535545
0.343565,0.331872
0.380092,0.345398
0.441678,0.454312
0.628704,0.729467
0.581347,0.53357
0.476644,0.687767
0.518641,0.669947
0.308681,0.461858
0.443723,0.461441
0.475046,0.60455
0.61047,0.551063
0.371361,0.328803
0.581934,0.65362
0.330549,0.402683
0.38022,0.389184
0.497454,0.514732
0.403614,0.54375
0.457163,0.677961
0.446933,0.535997
0.466827,0.627297
0.684486,0.610119
0.508822,0.544304
0.223009,0.308813
0.404095,0.399179
0.488244,0.550939
0.411285,0.467247
0.610324,0.653671
0.467451,0.499267
0.442435,0.510861
0.528575,0.635898
0.197048,0.360968
0.328502,0.366963
0.59432,0.639727
0.432922,0.404484
0.249962,0.296411
0.407106,0.544
0.594833,0.659761
0.480177,0.508227
0.453298,0.458982
0.531175,0.45302
0.669455,0.719808
0.575355,0.61387
0.443927,0.474056
0.468003,0.554687
0.617153,0.727124
0.466631,0.530319
0.530872,0.701049
0.52823,0.60595
0.403405,0.502749
0.47991,0.459601
0.372872,0.490117
0.560719,0.551609
0.347933,0.379097
0.61387,0.640938
0.41879,0.403719
0.450159,0.604465
0.731338,0.781417
0.337525,0.478812
0.271889,0.353398
0.640779,0.739399
0.412867,0.43527
0.56977,0.614301
0.496633,0.547261
0.481535,0.661856
0.31323,0.349866
0.472439,0.559074
0.395486,0.459283
0.434514,0.526241
0.346773,0.421217
0.517339,0.425502
0.356958,0.433917
0.536434,0.471862
0.561108,0.641335
0.428217,0.560345
0.465642,0.439234
0.495443,0.484574
0.366325,0.363172
0.70189,0.695994
0.219529,0.258865
0.607624,0.731204
0.43313,0.476437
0.196868,0.343411
0.708255,0.669248
0.479982,0.606415
0.328393,0.328819
0.415555,0.523665
0.604695,0.754564
0.52548,0.664179
0.520194,0.554756
0.585608,0.687259
0.440692,0.515093
0.354578,0.442009
0.654959,0.711867
0.431941,0.574657
0.43712,0.438004
0.449802,0.544823
0.504938,0.529058
0.278975,0.393788
0.729925,0.729249
0.375783,0.49573
0.257025,0.324684
0.327525,0.449057
0.51519,0.549357
0.420234,0.474413
0.613409,0.737394
0.521466,0.698992
0.570082,0.495137
0.772424,0.807569
0.338169,0.348087
0.656476,0.767992
0.569323,0.67235
0.559851,0.642638
0.531674,0.56352
0.457328,0.428142
0.455262,0.498873
0.255695,0.345733
0.051085,0.140868
0.349661,0.328361
0.59915,0.606769
0.593435,0.595951
0.660233,0.722472
0.595295,0.68915
0.35247,0.519879
0.63199,0.603108
0.733355,0.74383
0.455326,0.497525
0.648615,0.693938
0.303233,0.283868
0.494577,0.537447
0.210426,0.325783
0.390839,0.563895
0.338806,0.446348
0.367699,0.498084
0.466761,0.565525
0.423781,0.502297
0.458599,0.596604
0.348434,0.587993
0.468018,0.515243
0.425231,0.504302
0.506254,0.538026
0.543296,0.678725
0.39046,0.411009
0.555903,0.625755
0.463616,0.536819
0.335126,0.397255
0.545995,0.618371
0.491252,0.451167
0.5641,0.722642
0.292685,0.417161
0.483145,0.62585
0.742003,0.780931
0.595176,0.71787
0.600591,0.561053
0.333357,0.392923
0.621331,0.645989
0.632198,0.648691
0.486981,0.449482
0.424304,0.529158
0.24911,0.318663
0.52456,0.57217
0.543353,0.557573
0.3126,0.419047
0.512339,0.593793
0.417595,0.448109
0.577549,0.656386
0.311634,0.342879
0.445111,0.527607
0.484773,0.680248
0.541191,0.639425
0.522865,0.631359
0.533352,0.549042
0.363598,0.561667
0.595667,0.635638
0.138088,0.27346
0.293795,0.353459
0.513731,0.584197
0.420936,0.522274
0.369974,0.410811
0.315036,0.415303
0.533575,0.596253
0.595541,0.646879
0.505388,0.601665
0.326009,0.451098
0.545989,0.592105
0.851925,0.883101
0.384482,0.45285
0.772993,0.931472
0.714128,0.858267
0.52487,0.56907
0.524734,0.524942
0.464201,0.551075
0.667642,0.778087
0.608,0.672551
0.492833,0.461943
0.57214,0.737814
0.342317,0.325692
0.48496,0.656778
0.453924,0.66148
0.402621,0.401665
0.42581,0.559575
0.791618,0.768742
0.448429,0.447627
0.336243,0.353513
0.490793,0.540562
0.48977,0.555594
0.483062,0.398259
0.367643,0.373481
0.373941,0.414333
0.399218,0.488673
0.706413,0.741978
0.412528,0.594603
0.331265,0.389757
0.422054,0.463282
0.318446,0.463181
0.383294,0.497897
0.82163,0.686511
0.680295,0.736785
0.392964,0.432571
0.667589,0.718628
0.641948,0.679012
0.440303,0.551435
0.450099,0.461596
0.381586,0.462236
0.49141,0.566485
0.614956,0.669867
0.664246,0.758022
0.50967,0.501395
0.617856,0.5421
0.296633,0.366565
0.445172,0.565166
0.430499,0.515353
0.703042,0.755598
0.326293,0.410746
0.308032,0.425578
0.361824,0.462575
0.490928,0.440266
0.679602,0.763072
0.654301,0.701194
0.657499,0.699313
0.388253,0.416731
0.759433,0.847803
0.532395,0.68604
0.591572,0.567961
0.535942,0.623468
0.418197,0.481139
0.448665,0.581671
0.44665,0.576002
0.466854,0.474011
0.463,0.384233
0.458338,0.483367
0.403607,0.431736
0.380618,0.457988
0.511835,0.545384
0.597508,0.57072
0.405486,0.532444
0.511485,0.590544
0.567143,0.580222
0.335554,0.366517
0.643969,0.651463
0.279629,0.49718
0.435637,0.62769
0.498388,0.473297
0.482672,0.616024
0.291636,0.335494
0.37477,0.475154
0.435388,0.369645
0.511893,0.521732
0.352503,0.451682
0.517286,0.636976
0.54082,0.632852
0.280576,0.302745
0.552031,0.470984
0.502716,0.513341
0.878308,0.926896
0.629043,0.602216
0.435484,0.495108
0.414333,0.463346
0.382918,0.461049
0.656444,0.605618
0.348666,0.507792
0.361122,0.511458
0.390082,0.393332
0.386933,0.457414
0.435487,0.523715
0.724392,0.805638
0.323653,0.373605
0.321381,0.394039
0.357584,0.330771
0.59107,0.651992
0.62705,0.794067
0.458701,0.580196
0.37449,0.375682
0.614042,0.67105
0.373409,0.379214
0.551496,0.606471
0.327852,0.421595
0.501116,0.67805
0.443101,0.487159
0.66165,0.69457
0.375102,0.362185
0.337664,0.28653
0.333644,0.40345
0.449036,0.494045
0.353878,0.337357
0.251088,0.371044
0.476914,0.423193
0.652032,0.634485
0.305405,0.393298
0.37304,0.46093
0.684151,0.734918
0.541082,0.534968
0.606521,0.589133
0.322447,0.326684
0.644395,0.733117
0.459033,0.474242
0.299957,0.419377
0.572855,0.607526
0.578951,0.7298
0.44524,0.54219
0.566856,0.62717
0.282265,0.424384
0.242747,0.373277
0.317342,0.436735
0.3857,0.380755
0.342616,0.466672
0.698737,0.713897
0.57878,0.710953
0.514883,0.483241
0.506991,0.613348
0.433121,0.499713
0.548619,0.6264
0.600902,0.73136
0.575026,0.731357
0.350859,0.310763
0.594801,0.542179
0.521055,0.473893
0.360671,0.430293
0.395586,0.491388
0.377639,0.493034
0.353851,0.367903
0.478343,0.420363
0.470485,0.491818
0.455016,0.545952
0.316869,0.404748
0.393598,0.583323
0.261476,0.440187
0.705512,0.794706
0.457448,0.553361
0.585863,0.710501
0.512053,0.576122
0.583072,0.588791
0.312019,0.507886
0.634818,0.764274
0.466951,0.567688
0.440667,0.409638
0.380059,0.503705
0.549822,0.518924
0.457887,0.654746
0.281312,0.300463
0.486082,0.440446
0.427315,0.477444
0.412415,0.420813
0.206004,0.36936
0.568284,0.677565
0.459753,0.599887
0.693339,0.666866
0.689617,0.794486
0.613136,0.615166
0.420453,0.463482
0.597671,0.649599
0.195859,0.246421
0.418523,0.515018
0.415732,0.466995
0.817433,0.925889
0.5225,0.619185
0.423656,0.423761
0.458572,0.529312
0.391852,0.435624
0.455314,0.446354
0.389085,0.547985
0.506113,0.537803
0.379919,0.461911
0.378735,0.500025
0.50393,0.460519
0.594116,0.646714
0.671081,0.747561
0.428218,0.591542
0.460741,0.499046
0.5747,0.636668
0.688717,0.670759
0.559096,0.599093
0.311992,0.348971
0.386642,0.457944
0.29145,0.446028
0.369831,0.495003
0.672756,0.685804
0.722044,0.816119
0.622385,0.570329
0.559554,0.678986
0.608147,0.745655
0.628229,0.720527
0.685076,0.60161
0.422875,0.462199
0.546836,0.488904
0.485977,0.592541
0.639386,0.711318
0.483769,0.604157
0.525893,0.530719
0.466977,0.445945
0.470787,0.561136
0.529932,0.564905
0.360091,0.519398
0.262096,0.347513
0.580969,0.664847
0.309986,0.337895
0.62004,0.638568
0.378864,0.431995
0.456028,0.542643
0.106448,0.205376
0.525403,0.626389
0.56638,0.593111
0.72174,0.763289
0.475867,0.564239
0.537607,0.623092
0.273997,0.257223
0.51836,0.541078
0.420099,0.478774
0.38566,0.429921
0.3567,0.457366
0.513867,0.489808
0.539313,0.624737
0.417517,0.51051
0.52537,0.620351
0.406585,0.533591
0.555635,0.601879
0.320211,0.45174
0.576102,0.639852
0.416281,0.503183
0.518914,0.679932
0.319216,0.509855
0.28006,0.336833
0.324465,0.461185
0.588295,0.695603
0.104344,0.185388
0.387511,0.555746
0.475693,0.415015
0.328231,0.308906
0.669321,0.725813
0.414655,0.451026
0.478761,0.54832
0.528972,0.711469
0.5688,0.632096
0.425011,0.333483
0.258559,0.30405
0.361675,0.409082
0.500345,0.616727
0.552614,0.588867
0.414079,0.435356
0.291462,0.436154
0.491099,0.547642
0.552534,0.602339
0.448499,0.561706
0.433509,0.609606
0.556871,0.666686
0.404276,0.529379
0.366983,0.499477
0.275448,0.34098
0.616797,0.585433
0.711516,0.654293
0.310804,0.462009
0.479721,0.588202
0.519613,0.640387
0.356229,0.437766
0.453873,0.55929
0.433863,0.494079
0.573815,0.757527
0.451837,0.495167
0.343204,0.445838
0.555403,0.637597
0.377934,0.447244
0.670605,0.677544
0.290969,0.275508
0.235509,0.329684
0.440724,0.556679
0.413736,0.592807
0.415491,0.522836
0.422722,0.446162
0.211065,0.20744
0.478073,0.585681
0.522759,0.492442
0.470293,0.578354
0.347871,0.494128
0.533195,0.489554
0.462681,0.440402
0.336116,0.450219
0.464023,0.635389
0.314985,0.420963
0.304706,0.44829
0.494658,0.625748
0.371662,0.541272
0.443366,0.461659
0.152063,0.250576
0.407452,0.40375
0.442943,0.451322
0.415675,0.568292
0.298678,0.355436
0.301296,0.395703
0.209098,0.359395
0.477104,0.582668
0.569002,0.57493
0.606989,0.545862
0.44863,0.499346
0.478477,0.54785
0.519528,0.570404
0.76619,0.803696
0.35985,0.449199
0.325004,0.453834
0.64583,0.698155
0.634297,0.681343
0.498784,0.496027
0.564928,0.635951
0.251055,0.325456
0.497435,0.442306
0.322733,0.377617
0.311923,0.421743
0.484184,0.576018
0.409389,0.453459
0.739048,0.752497
0.834762,0.90221
0.50544,0.494571
0.471885,0.540167
0.50464,0.609121
0.459452,0.478421
0.345341,0.499929
0.305821,0.427134
0.279877,0.377174
0.520706,0.55246
0.456681,0.520515
0.38811,0.397867
0.376747,0.529324
0.507409,0.662616
0.446061,0.461313
0.423338,0.542516
0.73235,0.757731
0.597646,0.659964
0.640086,0.69321
0.355057,0.357362
0.572902,0.683626
0.571727,0.503915
0.435492,0.579342
0.235288,0.345293
0.499969,0.632076
0.479833,0.634205
0.174201,0.30458
0.548735,0.715677
0.563121,0.670359
0.477519,0.587476
0.239204,0.350022
0.299556,0.378849
0.675274,0.744111
0.483637,0.470473
0.362364,0.433987
0.289088,0.341098
0.692443,0.662035
0.580176,0.662838
0.235333,0.323208
0.440445,0.530355
0.508378,0.688462
0.359998,0.512295
0.333546,0.441163
0.647277,0.730648
0.304381,0.313738
0.407868,0.40923
0.49499,0.412898
0.477637,0.552194
0.567259,0.65871
0.246716,0.222719
0.351988,0.459591
0.386094,0.424175
0.678626,0.764533
0.477071,0.548521
0.534796,0.62674
0.448294,0.432195
0.425828,0.453863
0.416599,0.392505
0.490138,0.626045
0.324413,0.393517
0.384361,0.456374
0.360558,0.545717
0.377708,0.494526
0.498606,0.547439
0.506023,0.432873
0.730643,0.863862
0.62362,0.702902
0.661895,0.671331
0.295524,0.373593
0.378897,0.470345
0.528384,0.542834
0.43236,0.597514
0.358553,0.328296
0.459811,0.551939
0.611885,0.730893
0.548764,0.59371
0.594743,0.617386
0.560369,0.503846
0.376968,0.376107
0.765518,0.76045
0.49037,0.418621
0.456353,0.438174
0.324296,0.359477
0.388997,0.495516
0.377701,0.524514
0.514836,0.673944
0.589196,0.611635
0.328238,0.387912
0.497879,0.437362
0.305841,0.38662
0.498815,0.582278
0.516596,0.441244
0.608736,0.684801
0.373911,0.438795
0.423106,0.458287
0.497437,0.571781
0.446898,0.604919
0.47448,0.604668
0.609231,0.740306
0.526733,0.63094
0.239594,0.369244
0.417956,0.405941
0.498886,0.531801
0.580212,0.558635
0.450516,0.472287
0.685916,0.670073
0.201704,0.253792
0.414718,0.508085
0.655068,0.750715
0.577641,0.543541
0.325094,0.347285
0.559115,0.648132
0.685415,0.788379
0.481118,0.613236
0.547739,0.578212
0.430261,0.484027
0.245841,0.270867
0.234221,0.369424
0.382452,0.523228
0.581009,0.563902
0.568623,0.634365
0.471231,0.546592
0.606828,0.66311
0.371754,0.447591
0.275762,0.336091
0.348837,0.472571
0.607783,0.616467
0.489501,0.546052
0.495194,0.612738
0.465336,0.592351
0.398521,0.464202
0.383888,0.485252
0.674115,0.614752
0.435391,0.49831
0.510447,0.546294
0.534311,0.623651
0.402211,0.455793
0.707774,0.605462
0.522681,0.421211
0.530707,0.583291
0.484252,0.529233
0.483867,0.527926
0.464648,0.539754
0.410213,0.458503
0.542634,0.630877
0.398525,0.515332
0.441963,0.523394
0.330527,0.463433
0.514719,0.598321
0.531446,0.593488
0.377267,0.555028
0.724978,0.729983
0.342089,0.42455
0.396355,0.574387
0.591371,0.585416
0.61845,0.732559
0.517751,0.623238
0.388604,0.414029
0.631445,0.637422
0.381269,0.429051
0.553161,0.629837
0.53708,0.625967
0.302157,0.35396
0.607909,0.585155
0.46647,0.614371
0.485841,0.585365
0.381182,0.419203
0.436362,0.48827
0.314046,0.463404
0.56536,0.621531
0.604085,0.69112
0.537883,0.617311
0.665814,0.696397
0.686914,0.71811
0.381355,0.456501
0.465434,0.523785
0.568324,0.741115
0.445011,0.588242
0.311887,0.33501
0.398515,0.503309
0.339465,0.427562
0.431153,0.494487
0.588906,0.737597
0.663073,0.815249
0.429181,0.421564
0.183422,0.343985
0.609102,0.630018
0.42602,0.523506
0.654023,0.639029
0.429693,0.607905
0.391883,0.600182
0.491296,0.573062
0.40482,0.571622
0.336252,0.508443
0.331042,0.478367
0.414415,0.476931
0.534066,0.552591
0.394679,0.498398
0.312664,0.395053
0.489027,0.480123
0.488447,0.547559
0.352169,0.437018
0.39254,0.429756
0.23391,0.334543
0.334678,0.413499
0.501811,0.645373
0.542463,0.561145
0.543177,0.604083
0.418917,0.564158
0.480187,0.558452
0.632835,0.752966
0.401371,0.520273
0.455097,0.528688
0.337225,0.354548
0.407637,0.453277
0.327848,0.529249
0.346473,0.427289
0.643915,0.759129
0.27681,0.366042
0.539751,0.651881
0.83126,0.872829
0.552604,0.613379
0.548791,0.459183
0.391086,0.500199
0.345478,0.426374
0.724565,0.718171
0.373701,0.362448
0.333476,0.416248
0.324852,0.429445
0.573571,0.579086
0.501107,0.526643
0.465629,0.487832
0.633223,0.662426
0.444838,0.503304
0.445894,0.400925
0.46085,0.470254
0.485312,0.59171
0.641702,0.722698
0.360597,0.37019
0.356436,0.307003
0.491485,0.631223
0.357703,0.580339
0.27551,0.381211
0.445358,0.592869
0.390748,0.476824
0.481657,0.637003
0.532052,0.545066
0.422267,0.480459
0.324102,0.426226
0.507535,0.588384
0.574118,0.625384
0.488436,0.541297
0.596423,0.635137
0.443873,0.555108
0.431546,0.567209
0.512722,0.540341
0.558081,0.67
0.6472,0.748103
0.381251,0.583637
0.434114,0.469389
0.350285,0.322088
0.724885,0.77625
0.325949,0.411338
0.525846,0.492966
0.511181,0.533956
0.500107,0.585921
0.570415,0.549432
0.59882,0.719317
0.311644,0.324195
0.612844,0.61601
0.470111,0.522147
0.363469,0.436548
0.421591,0.442627
0.645392,0.771889
0.637427,0.759578
0.420766,0.460533
0.340046,0.434167
0.602147,0.619834
0.473345,0.645425
0.724659,0.782123
0.354594,0.294495
0.504204,0.612423
0.46099,0.570848
0.330234,0.504098
0.433046,0.522925
0.419664,0.467358
0.587178,0.491282
0.31502,0.382233
0.546629,0.555686
0.488337,0.626783
0.416741,0.523334
0.317361,0.331921
0.59245,0.741007
0.554476,0.587939
0.398982,0.321702
0.563898,0.711755
0.460316,0.588501
0.081584,0.16351
0.547023,0.624725
0.300355,0.323509
0.26303,0.314072
0.364956,0.331629
0.473941,0.582502
0.33053,0.343558
0.450208,0.540704
0.512479,0.642249
0.513596,0.594752
0.445335,0.468345
0.323875,0.382157
0.296781,0.331135
0.43597,0.465006
0.157824,0.183904
0.517995,0.683996
0.20456,0.336418
0.593567,0.61413
0.449011,0.414517
0.754381,0.778473
0.533686,0.450517
0.366849,0.329256
0.237553,0.246657
0.422008,0.571101
0.489206,0.585739
0.515559,0.434879
0.21657,0.267392
0.46872,0.597822
0.478951,0.62694
0.112565,0.224654
0.615577,0.609324
0.504848,0.507337
0.474624,0.439991
0.459629,0.508593
0.440263,0.500849
0.718171,0.770835
0.469075,0.520265
0.348089,0.411153
0.116624,0.190284
0.394068,0.5601
0.276552,0.441957
0.238376,0.266146
0.362306,0.492796
0.243002,0.280093
0.519224,0.680131
0.581749,0.636317
0.425064,0.543702
0.497722,0.573935
0.208554,0.39323
0.275417,0.371949
0.410508,0.537764
0.525227,0.534959
0.39889,0.430205
0.510608,0.525822
0.293343,0.415005
0.65244,0.721011
0.32023,0.463115
0.577486,0.709379
0.478941,0.499846
0.450561,0.458112
0.54848,0.560352
0.21972,0.278408
0.503251,0.650327
0.293799,0.362978
0.532093,0.468853
0.432255,0.460698
0.446067,0.494108
0.511284,0.540615
0.544608,0.608445
0.336796,0.438666
0.603186,0.703402
0.440805,0.60912
0.702281,0.713263
0.372865,0.533998
0.874286,0.779209
0.397981,0.475658
0.404217,0.516456
0.663643,0.723227
0.448493,0.606476
0.590631,0.646524
0.575519,0.611629
0.402,0.498868
0.309255,0.321656
0.390592,0.348598
0.5569,0.571765
0.570189,0.751034
0.271677,0.423509
0.424176,0.467266
0.69585,0.753262
0.430168,0.475224
0.220092,0.305644
0.503816,0.504318
0.31157,0.397862
0.612842,0.63496
0.223945,0.345024
0.442515,0.564797
0.461784,0.614288
0.460471,0.503696
0.44419,0.46506
0.182507,0.129351
0.63176,0.647303
0.439095,0.527001
0.444095,0.609828
0.564612,0.665352
0.155056,0.202573
0.293125,0.383333
0.635805,0.746228
0.438945,0.534601
0.384113,0.3628
0.539001,0.648043
0.55767,0.645866
0.2647,0.368063
0.471308,0.475435
0.368041,0.572009
0.401512,0.495713
0.478633,0.414258
0.775095,0.715604
0.589975,0.653322
0.450162,0.437684
0.559281,0.606891
0.469297,0.551003
0.410385,0.520569
0.400172,0.343527
0.442005,0.56082
0.472611,0.49182
0.504026,0.584537
0.23773,0.235783
0.380482,0.449204
0.524332,0.557421
0.567826,0.599102
0.27024,0.449313
0.451504,0.57546
0.140094,0.146369
0.3871,0.522293
0.405057,0.531571
0.508957,0.523367
0.325811,0.385161
0.554215,0.628761
0.313292,0.437837
0.494007,0.664822
0.488078,0.483368
0.348366,0.485026
0.660411,0.736354
0.507721,0.586065
0.394299,0.470117
0.506811,0.560327
0.658465,0.796792
0.629074,0.653764
0.470438,0.609154
0.385313,0.416233
0.253686,0.378126
0.246592,0.244581
0.352637,0.448191
0.547948,0.580926
0.669787,0.771847
0.68191,0.707852
0.61828,0.667972
0.432359,0.421992
0.542068,0.551472
0.229597,0.29322
0.481209,0.437149
0.494901,0.596575
0.311901,0.372666
0.708014,0.740543
0.635148,0.754338
0.665823,0.684673
0.50922,0.628014
0.631405,0.637931
0.50667,0.557678
0.342192,0.324589
0.678613,0.717808
0.50948,0.602044
0.29638,0.361233
0.430488,0.508551
